{"v":"5.7.8","fr":29.9700012207031,"ip":0,"op":59.0000024031193,"w":1080,"h":1080,"nm":"magic man123","ddd":0,"assets":[{"id":"comp_0","layers":[{"ddd":0,"ind":1,"ty":4,"nm":"Shape Layer 1","sr":1,"ks":{"o":{"a":0,"k":100,"ix":11},"r":{"a":0,"k":0,"ix":10},"p":{"a":0,"k":[511,649.378,0],"ix":2,"l":2},"a":{"a":0,"k":[-29,116.5,0],"ix":1,"l":2},"s":{"a":1,"k":[{"i":{"x":[0.667,0.667,0.667],"y":[1,1,1]},"o":{"x":[0.333,0.333,0.333],"y":[0,0,0]},"t":0,"s":[100,93.886,100]},{"i":{"x":[0.667,0.667,0.667],"y":[1,1,1]},"o":{"x":[0.333,0.333,0.333],"y":[0,0,0]},"t":7,"s":[130,122.052,100]},{"i":{"x":[0.667,0.667,0.667],"y":[1,1,1]},"o":{"x":[0.333,0.333,0.333],"y":[0,0,0]},"t":16,"s":[100,93.886,100]},{"i":{"x":[0.667,0.667,0.667],"y":[1,1,1]},"o":{"x":[0.333,0.333,0.333],"y":[0,0,0]},"t":27,"s":[90,84.498,100]},{"i":{"x":[0.667,0.667,0.667],"y":[1,1,1]},"o":{"x":[0.333,0.333,0.333],"y":[0,0,0]},"t":43,"s":[110,103.275,100]},{"t":50.0000020365418,"s":[100,93.886,100]}],"ix":6,"l":2}},"ao":0,"shapes":[{"ty":"gr","it":[{"ind":0,"ty":"sh","ix":1,"ks":{"a":0,"k":{"i":[[0,0],[0,0]],"o":[[0,0],[0,0]],"v":[[-145.5,116.5],[87.5,116.5]],"c":false},"ix":2},"nm":"Path 1","mn":"ADBE Vector Shape - Group","hd":false},{"ty":"st","c":{"a":0,"k":[0.737254901961,0.702560544481,0.702560544481,1],"ix":3},"o":{"a":0,"k":100,"ix":4},"w":{"a":0,"k":10,"ix":5},"lc":2,"lj":1,"ml":4,"bm":0,"nm":"Stroke 1","mn":"ADBE Vector Graphic - Stroke","hd":false},{"ty":"tr","p":{"a":0,"k":[0,0],"ix":2},"a":{"a":0,"k":[0,0],"ix":1},"s":{"a":0,"k":[100,100],"ix":3},"r":{"a":0,"k":0,"ix":6},"o":{"a":0,"k":100,"ix":7},"sk":{"a":0,"k":0,"ix":4},"sa":{"a":0,"k":0,"ix":5},"nm":"Transform"}],"nm":"Shape 1","np":3,"cix":2,"bm":0,"ix":1,"mn":"ADBE Vector Group","hd":false}],"ip":0,"op":300.00001221925,"st":0,"bm":0},{"ddd":0,"ind":2,"ty":4,"nm":"right eyes Outlines","parent":5,"sr":1,"ks":{"o":{"a":0,"k":100,"ix":11},"r":{"a":0,"k":0,"ix":10},"p":{"a":1,"k":[{"i":{"x":0.667,"y":1},"o":{"x":0.333,"y":0},"t":0,"s":[65.521,73.995,0],"to":[-1.121,-0.444,0],"ti":[-0.288,1.692,0]},{"i":{"x":0.667,"y":1},"o":{"x":0.333,"y":0},"t":2,"s":[58.798,71.333,0],"to":[0.288,-1.692,0],"ti":[-2.856,1.736,0]},{"i":{"x":0.667,"y":1},"o":{"x":0.333,"y":0},"t":4,"s":[67.251,63.845,0],"to":[2.856,-1.736,0],"ti":[-0.403,0.139,0]},{"i":{"x":0.667,"y":1},"o":{"x":0.333,"y":0},"t":6,"s":[75.936,60.919,0],"to":[0.403,-0.139,0],"ti":[1.912,-0.932,0]},{"i":{"x":0.667,"y":1},"o":{"x":0.333,"y":0},"t":10,"s":[69.668,63.014,0],"to":[-1.912,0.932,0],"ti":[0.385,0.821,0]},{"i":{"x":0.667,"y":1},"o":{"x":0.333,"y":0},"t":11,"s":[64.463,66.512,0],"to":[-0.385,-0.821,0],"ti":[-1.085,2.592,0]},{"i":{"x":0.667,"y":1},"o":{"x":0.333,"y":0},"t":12,"s":[67.356,58.085,0],"to":[1.085,-2.592,0],"ti":[-1.123,1.806,0]},{"i":{"x":0.667,"y":1},"o":{"x":0.333,"y":0},"t":13,"s":[70.973,50.958,0],"to":[1.123,-1.806,0],"ti":[-0.128,-0.121,0]},{"i":{"x":0.667,"y":1},"o":{"x":0.333,"y":0},"t":14,"s":[74.096,47.251,0],"to":[0.128,0.121,0],"ti":[1.259,-1.467,0]},{"i":{"x":0.667,"y":1},"o":{"x":0.333,"y":0},"t":16,"s":[71.743,51.683,0],"to":[-1.259,1.467,0],"ti":[4.44,-2.945,0]},{"i":{"x":0.667,"y":1},"o":{"x":0.333,"y":0},"t":17,"s":[66.542,56.05,0],"to":[-4.44,2.945,0],"ti":[2.973,-2.915,0]},{"i":{"x":0.667,"y":1},"o":{"x":0.333,"y":0},"t":18,"s":[45.104,69.355,0],"to":[-2.973,2.915,0],"ti":[-1.938,-0.576,0]},{"i":{"x":0.667,"y":1},"o":{"x":0.333,"y":0},"t":20,"s":[48.702,73.542,0],"to":[1.938,0.576,0],"ti":[-3.358,1.484,0]},{"i":{"x":0.667,"y":1},"o":{"x":0.333,"y":0},"t":22,"s":[56.732,72.81,0],"to":[3.358,-1.484,0],"ti":[-3.777,3.979,0]},{"i":{"x":0.667,"y":1},"o":{"x":0.333,"y":0},"t":25,"s":[68.851,64.636,0],"to":[3.777,-3.979,0],"ti":[-0.15,3.252,0]},{"i":{"x":0.667,"y":1},"o":{"x":0.333,"y":0},"t":27,"s":[79.393,48.939,0],"to":[0.15,-3.252,0],"ti":[2.625,0.654,0]},{"i":{"x":0.667,"y":1},"o":{"x":0.333,"y":0},"t":29,"s":[69.749,45.124,0],"to":[-2.625,-0.654,0],"ti":[1.24,-0.613,0]},{"i":{"x":0.667,"y":1},"o":{"x":0.333,"y":0},"t":31,"s":[63.641,45.013,0],"to":[-1.24,0.613,0],"ti":[0.193,-3.696,0]},{"i":{"x":0.667,"y":1},"o":{"x":0.333,"y":0},"t":33,"s":[62.31,48.8,0],"to":[-0.193,3.696,0],"ti":[-0.942,-5.756,0]},{"i":{"x":0.667,"y":1},"o":{"x":0.333,"y":0},"t":35,"s":[62.482,67.187,0],"to":[0.942,5.756,0],"ti":[-0.149,-2.02,0]},{"i":{"x":0.667,"y":1},"o":{"x":0.333,"y":0},"t":36,"s":[67.964,83.337,0],"to":[0.149,2.02,0],"ti":[1.382,2.372,0]},{"i":{"x":0.667,"y":1},"o":{"x":0.333,"y":0},"t":38,"s":[63.376,79.309,0],"to":[-1.382,-2.372,0],"ti":[0.086,3.998,0]},{"i":{"x":0.667,"y":1},"o":{"x":0.333,"y":0},"t":39,"s":[59.674,69.103,0],"to":[-0.086,-3.998,0],"ti":[-1.006,0.203,0]},{"i":{"x":0.667,"y":1},"o":{"x":0.333,"y":0},"t":40,"s":[62.861,55.32,0],"to":[1.006,-0.203,0],"ti":[-0.634,-3.146,0]},{"i":{"x":0.667,"y":1},"o":{"x":0.333,"y":0},"t":45,"s":[65.707,67.887,0],"to":[0.634,3.146,0],"ti":[-0.16,-1.052,0]},{"t":50.0000020365418,"s":[66.666,74.199,0]}],"ix":2,"l":2},"a":{"a":0,"k":[5.5,5.5,0],"ix":1,"l":2},"s":{"a":1,"k":[{"i":{"x":[0.667,0.667,0.667],"y":[1,1,1]},"o":{"x":[0.333,0.333,0.333],"y":[0,0,0]},"t":0,"s":[107.595,107.595,100]},{"t":2.00000008146167,"s":[88.595,88.595,100]}],"ix":6,"l":2}},"ao":0,"shapes":[{"ty":"gr","it":[{"ind":0,"ty":"sh","ix":1,"ks":{"a":1,"k":[{"i":{"x":0.667,"y":1},"o":{"x":0.333,"y":0},"t":0,"s":[{"i":[[0,-2.899],[2.9,0],[0,2.899],[-2.899,0]],"o":[[0,2.899],[-2.899,0],[0,-2.899],[2.9,0]],"v":[[5.25,0],[0,5.25],[-5.25,0],[0,-5.25]],"c":true}]},{"i":{"x":0.667,"y":1},"o":{"x":0.333,"y":0},"t":4,"s":[{"i":[[1.891,-1.629],[2.9,0],[-0.915,2.085],[-2.223,-0.047]],"o":[[-0.295,1.951],[-2.899,0],[0.324,-1.642],[2.899,0.061]],"v":[[4.766,1.865],[-0.052,2.836],[-5.25,0],[0.351,-0.771]],"c":true}]},{"i":{"x":0.667,"y":1},"o":{"x":0.333,"y":0},"t":6,"s":[{"i":[[0,-2.899],[2.9,0],[0,2.899],[-2.899,0]],"o":[[0,2.899],[-2.899,0],[0,-2.899],[2.9,0]],"v":[[5.25,0],[0,5.25],[-5.25,0],[0,-5.25]],"c":true}]},{"i":{"x":0.667,"y":1},"o":{"x":0.333,"y":0},"t":8,"s":[{"i":[[1.891,-1.629],[2.9,0],[-0.915,2.085],[-2.223,-0.047]],"o":[[-0.295,1.951],[-2.899,0],[0.324,-1.642],[2.899,0.061]],"v":[[4.766,1.865],[-0.052,2.836],[-5.25,0],[0.351,-0.771]],"c":true}]},{"i":{"x":0.667,"y":1},"o":{"x":0.333,"y":0},"t":10,"s":[{"i":[[0,-2.899],[2.9,0],[0,2.899],[-2.899,0]],"o":[[0,2.899],[-2.899,0],[0,-2.899],[2.9,0]],"v":[[5.25,0],[0,5.25],[-5.25,0],[0,-5.25]],"c":true}]},{"i":{"x":0.667,"y":1},"o":{"x":0.333,"y":0},"t":35,"s":[{"i":[[0,-2.899],[2.9,0],[0,2.899],[-2.899,0]],"o":[[0,2.899],[-2.899,0],[0,-2.899],[2.9,0]],"v":[[5.25,0],[0,5.25],[-5.25,0],[0,-5.25]],"c":true}]},{"i":{"x":0.667,"y":1},"o":{"x":0.333,"y":0},"t":36,"s":[{"i":[[-0.316,-1.572],[2.263,-0.631],[0.26,1.857],[-2.19,0.729]],"o":[[0.456,2.271],[-2.793,0.778],[-0.168,-1.202],[4.011,-1.335]],"v":[[6.71,-1.037],[3.065,1.62],[-3.123,1.305],[-0.091,-1.221]],"c":true}]},{"i":{"x":0.667,"y":1},"o":{"x":0.333,"y":0},"t":40,"s":[{"i":[[0,-2.899],[2.9,0],[0,2.899],[-2.899,0]],"o":[[0,2.899],[-2.899,0],[0,-2.899],[2.9,0]],"v":[[5.25,0],[0,5.25],[-5.25,0],[0,-5.25]],"c":true}]},{"i":{"x":0.667,"y":1},"o":{"x":0.333,"y":0},"t":45,"s":[{"i":[[0,-2.899],[2.9,0],[0,2.899],[-2.899,0]],"o":[[0,2.899],[-2.899,0],[0,-2.899],[2.9,0]],"v":[[5.25,0],[0,5.25],[-5.25,0],[0,-5.25]],"c":true}]},{"i":{"x":0.667,"y":1},"o":{"x":0.333,"y":0},"t":46,"s":[{"i":[[-0.122,-1.545],[2.9,0],[-0.461,2.862],[-2.899,0]],"o":[[0.229,2.89],[-2.899,0],[0.192,-1.193],[2.9,0]],"v":[[6.098,3.644],[0,5.25],[-4.67,3.3],[1.183,2.656]],"c":true}]},{"t":50.0000020365418,"s":[{"i":[[0,-2.899],[2.9,0],[0,2.899],[-2.899,0]],"o":[[0,2.899],[-2.899,0],[0,-2.899],[2.9,0]],"v":[[5.25,0],[0,5.25],[-5.25,0],[0,-5.25]],"c":true}]}],"ix":2},"nm":"Path 1","mn":"ADBE Vector Shape - Group","hd":false},{"ty":"fl","c":{"a":0,"k":[0.255307425705,0.23556319592,0.36005006678,1],"ix":4},"o":{"a":0,"k":100,"ix":5},"r":1,"bm":0,"nm":"Fill 1","mn":"ADBE Vector Graphic - Fill","hd":false},{"ty":"tr","p":{"a":0,"k":[5.5,5.5],"ix":2},"a":{"a":0,"k":[0,0],"ix":1},"s":{"a":0,"k":[100,100],"ix":3},"r":{"a":0,"k":0,"ix":6},"o":{"a":0,"k":100,"ix":7},"sk":{"a":0,"k":0,"ix":4},"sa":{"a":0,"k":0,"ix":5},"nm":"Transform"}],"nm":"Group 1","np":2,"cix":2,"bm":0,"ix":1,"mn":"ADBE Vector Group","hd":false}],"ip":0,"op":300.00001221925,"st":0,"bm":0},{"ddd":0,"ind":3,"ty":4,"nm":"left eyes Outlines","parent":5,"sr":1,"ks":{"o":{"a":0,"k":100,"ix":11},"r":{"a":0,"k":0,"ix":10},"p":{"a":1,"k":[{"i":{"x":0.667,"y":1},"o":{"x":0.333,"y":0},"t":0,"s":[45.934,75.26,0],"to":[-1.384,-0.453,0],"ti":[-0.332,1.905,0]},{"i":{"x":0.667,"y":1},"o":{"x":0.333,"y":0},"t":2,"s":[37.631,72.544,0],"to":[0.332,-1.905,0],"ti":[-3.189,2.34,0]},{"i":{"x":0.667,"y":1},"o":{"x":0.333,"y":0},"t":4,"s":[47.925,63.831,0],"to":[3.189,-2.34,0],"ti":[-0.315,0.238,0]},{"i":{"x":0.667,"y":1},"o":{"x":0.333,"y":0},"t":6,"s":[56.764,58.507,0],"to":[0.315,-0.238,0],"ti":[1.88,-1.562,0]},{"i":{"x":0.667,"y":1},"o":{"x":0.333,"y":0},"t":10,"s":[49.817,62.402,0],"to":[-1.88,1.562,0],"ti":[0.242,0.781,0]},{"i":{"x":0.667,"y":1},"o":{"x":0.333,"y":0},"t":11,"s":[45.486,67.88,0],"to":[-0.242,-0.781,0],"ti":[-1.137,2.648,0]},{"i":{"x":0.667,"y":1},"o":{"x":0.333,"y":0},"t":12,"s":[48.368,57.716,0],"to":[1.137,-2.648,0],"ti":[-0.98,1.653,0]},{"i":{"x":0.667,"y":1},"o":{"x":0.333,"y":0},"t":13,"s":[52.31,51.995,0],"to":[0.98,-1.653,0],"ti":[0.153,-0.515,0]},{"i":{"x":0.667,"y":1},"o":{"x":0.333,"y":0},"t":14,"s":[54.25,47.799,0],"to":[-0.153,0.515,0],"ti":[1.353,-2.354,0]},{"i":{"x":0.667,"y":1},"o":{"x":0.333,"y":0},"t":16,"s":[51.393,55.086,0],"to":[-1.353,2.354,0],"ti":[4.179,-3.971,0]},{"i":{"x":0.667,"y":1},"o":{"x":0.333,"y":0},"t":17,"s":[46.131,61.924,0],"to":[-4.179,3.971,0],"ti":[2.817,-3.379,0]},{"i":{"x":0.667,"y":1},"o":{"x":0.333,"y":0},"t":18,"s":[26.321,78.913,0],"to":[-2.817,3.379,0],"ti":[-1.601,0.072,0]},{"i":{"x":0.667,"y":1},"o":{"x":0.333,"y":0},"t":20,"s":[29.226,82.198,0],"to":[1.601,-0.072,0],"ti":[-3.096,2.573,0]},{"i":{"x":0.667,"y":1},"o":{"x":0.333,"y":0},"t":22,"s":[35.925,78.482,0],"to":[3.096,-2.573,0],"ti":[-3.583,4.932,0]},{"i":{"x":0.667,"y":1},"o":{"x":0.333,"y":0},"t":25,"s":[47.802,66.758,0],"to":[3.583,-4.932,0],"ti":[-0.339,3.198,0]},{"i":{"x":0.667,"y":1},"o":{"x":0.333,"y":0},"t":27,"s":[57.425,48.888,0],"to":[0.339,-3.198,0],"ti":[2.163,0.294,0]},{"i":{"x":0.667,"y":1},"o":{"x":0.333,"y":0},"t":29,"s":[49.837,47.57,0],"to":[-2.163,-0.294,0],"ti":[1.324,-0.473,0]},{"i":{"x":0.667,"y":1},"o":{"x":0.333,"y":0},"t":31,"s":[44.448,47.123,0],"to":[-1.324,0.473,0],"ti":[0.312,-3.644,0]},{"i":{"x":0.667,"y":1},"o":{"x":0.333,"y":0},"t":33,"s":[41.892,50.405,0],"to":[-0.312,3.644,0],"ti":[-1.277,-6.067,0]},{"i":{"x":0.667,"y":1},"o":{"x":0.333,"y":0},"t":35,"s":[42.577,68.99,0],"to":[1.277,6.067,0],"ti":[-0.507,-2.5,0]},{"i":{"x":0.667,"y":1},"o":{"x":0.333,"y":0},"t":36,"s":[49.556,86.806,0],"to":[0.507,2.5,0],"ti":[1.167,2.1,0]},{"i":{"x":0.667,"y":1},"o":{"x":0.333,"y":0},"t":38,"s":[45.619,83.988,0],"to":[-1.167,-2.1,0],"ti":[0.058,3.84,0]},{"i":{"x":0.667,"y":1},"o":{"x":0.333,"y":0},"t":39,"s":[42.556,74.208,0],"to":[-0.058,-3.84,0],"ti":[-0.557,0.669,0]},{"i":{"x":0.667,"y":1},"o":{"x":0.333,"y":0},"t":40,"s":[45.272,60.946,0],"to":[0.557,-0.669,0],"ti":[-0.103,-2.21,0]},{"i":{"x":0.667,"y":1},"o":{"x":0.333,"y":0},"t":45,"s":[45.897,70.196,0],"to":[0.103,2.21,0],"ti":[0.001,-0.669,0]},{"t":50.0000020365418,"s":[45.89,74.209,0]}],"ix":2,"l":2},"a":{"a":0,"k":[5.5,5.5,0],"ix":1,"l":2},"s":{"a":1,"k":[{"i":{"x":[0.667,0.667,0.667],"y":[1,1,1]},"o":{"x":[0.333,0.333,0.333],"y":[0,0,0]},"t":0,"s":[107.595,107.595,100]},{"t":2.00000008146167,"s":[88.595,88.595,100]}],"ix":6,"l":2}},"ao":0,"shapes":[{"ty":"gr","it":[{"ind":0,"ty":"sh","ix":1,"ks":{"a":1,"k":[{"i":{"x":0.667,"y":1},"o":{"x":0.333,"y":0},"t":0,"s":[{"i":[[0,-2.899],[2.9,0],[0,2.899],[-2.9,0]],"o":[[0,2.899],[-2.9,0],[0,-2.899],[2.9,0]],"v":[[5.25,0],[0,5.25],[-5.25,0],[0,-5.25]],"c":true}]},{"i":{"x":0.667,"y":1},"o":{"x":0.333,"y":0},"t":4,"s":[{"i":[[0.44,-1.737],[2.9,0],[-0.557,2.568],[-2.9,0.051]],"o":[[-0.384,1.518],[-2.9,0],[0.266,-1.226],[1.856,-0.032]],"v":[[5.125,1.3],[-0.074,2.483],[-5.25,0],[0.24,-0.556]],"c":true}]},{"i":{"x":0.667,"y":1},"o":{"x":0.333,"y":0},"t":6,"s":[{"i":[[0,-2.899],[2.9,0],[0,2.899],[-2.9,0]],"o":[[0,2.899],[-2.9,0],[0,-2.899],[2.9,0]],"v":[[5.25,0],[0,5.25],[-5.25,0],[0,-5.25]],"c":true}]},{"i":{"x":0.667,"y":1},"o":{"x":0.333,"y":0},"t":8,"s":[{"i":[[0.44,-1.737],[2.9,0],[-0.557,2.568],[-2.9,0.051]],"o":[[-0.384,1.518],[-2.9,0],[0.266,-1.226],[1.856,-0.032]],"v":[[5.125,1.3],[-0.074,2.483],[-5.25,0],[0.24,-0.556]],"c":true}]},{"i":{"x":0.667,"y":1},"o":{"x":0.333,"y":0},"t":10,"s":[{"i":[[0,-2.899],[2.9,0],[0,2.899],[-2.9,0]],"o":[[0,2.899],[-2.9,0],[0,-2.899],[2.9,0]],"v":[[5.25,0],[0,5.25],[-5.25,0],[0,-5.25]],"c":true}]},{"i":{"x":0.667,"y":1},"o":{"x":0.333,"y":0},"t":35,"s":[{"i":[[0,-2.899],[2.9,0],[0,2.899],[-2.9,0]],"o":[[0,2.899],[-2.9,0],[0,-2.899],[2.9,0]],"v":[[5.25,0],[0,5.25],[-5.25,0],[0,-5.25]],"c":true}]},{"i":{"x":0.667,"y":1},"o":{"x":0.333,"y":0},"t":36,"s":[{"i":[[-0.287,-1.342],[0.817,-0.142],[0.366,1.617],[-2.888,0.262]],"o":[[0.373,1.743],[-2.745,0.935],[0.258,-0.614],[2.144,-0.194]],"v":[[6.41,-0.571],[3.108,1.45],[-2.521,1.495],[1.541,-1.092]],"c":true}]},{"i":{"x":0.667,"y":1},"o":{"x":0.333,"y":0},"t":40,"s":[{"i":[[0,-2.899],[2.9,0],[0,2.899],[-2.9,0]],"o":[[0,2.899],[-2.9,0],[0,-2.899],[2.9,0]],"v":[[5.25,0],[0,5.25],[-5.25,0],[0,-5.25]],"c":true}]},{"i":{"x":0.667,"y":1},"o":{"x":0.333,"y":0},"t":45,"s":[{"i":[[0,-2.899],[2.9,0],[0,2.899],[-2.9,0]],"o":[[0,2.899],[-2.9,0],[0,-2.899],[2.9,0]],"v":[[5.25,0],[0,5.25],[-5.25,0],[0,-5.25]],"c":true}]},{"i":{"x":0.667,"y":1},"o":{"x":0.333,"y":0},"t":46,"s":[{"i":[[0.641,-2.827],[2.9,0],[-0.263,1.638],[-2.9,0]],"o":[[-0.313,1.382],[-2.9,0],[0.367,-2.28],[2.9,0]],"v":[[5.364,1.566],[0.045,2.81],[-4.792,1.299],[0.432,-0.467]],"c":true}]},{"t":50.0000020365418,"s":[{"i":[[0,-2.899],[2.9,0],[0,2.899],[-2.9,0]],"o":[[0,2.899],[-2.9,0],[0,-2.899],[2.9,0]],"v":[[5.25,0],[0,5.25],[-5.25,0],[0,-5.25]],"c":true}]}],"ix":2},"nm":"Path 1","mn":"ADBE Vector Shape - Group","hd":false},{"ty":"fl","c":{"a":0,"k":[0.255307425705,0.23556319592,0.36005006678,1],"ix":4},"o":{"a":0,"k":100,"ix":5},"r":1,"bm":0,"nm":"Fill 1","mn":"ADBE Vector Graphic - Fill","hd":false},{"ty":"tr","p":{"a":0,"k":[5.5,5.5],"ix":2},"a":{"a":0,"k":[0,0],"ix":1},"s":{"a":0,"k":[100,100],"ix":3},"r":{"a":0,"k":0,"ix":6},"o":{"a":0,"k":100,"ix":7},"sk":{"a":0,"k":0,"ix":4},"sa":{"a":0,"k":0,"ix":5},"nm":"Transform"}],"nm":"Group 1","np":2,"cix":2,"bm":0,"ix":1,"mn":"ADBE Vector Group","hd":false}],"ip":0,"op":300.00001221925,"st":0,"bm":0},{"ddd":0,"ind":4,"ty":4,"nm":"hate","sr":1,"ks":{"o":{"a":0,"k":100,"ix":11},"r":{"a":1,"k":[{"i":{"x":[0.667],"y":[1]},"o":{"x":[0.333],"y":[0]},"t":0,"s":[0]},{"i":{"x":[0.667],"y":[1]},"o":{"x":[0.333],"y":[0]},"t":2,"s":[6.507]},{"i":{"x":[0.667],"y":[1]},"o":{"x":[0.333],"y":[0]},"t":5,"s":[31.268]},{"i":{"x":[0.667],"y":[1]},"o":{"x":[0.333],"y":[0]},"t":8,"s":[40.429]},{"i":{"x":[0.667],"y":[1]},"o":{"x":[0.333],"y":[0]},"t":14,"s":[27]},{"i":{"x":[0.667],"y":[1]},"o":{"x":[0.333],"y":[0]},"t":22,"s":[-14]},{"i":{"x":[0.667],"y":[1]},"o":{"x":[0.333],"y":[0]},"t":24,"s":[-14.8]},{"i":{"x":[0.667],"y":[1]},"o":{"x":[0.333],"y":[0]},"t":27,"s":[-1]},{"i":{"x":[0.667],"y":[1]},"o":{"x":[0.333],"y":[0]},"t":30,"s":[10]},{"i":{"x":[0.667],"y":[1]},"o":{"x":[0.333],"y":[0]},"t":36,"s":[1]},{"i":{"x":[0.667],"y":[1]},"o":{"x":[0.333],"y":[0]},"t":40,"s":[-13]},{"i":{"x":[0.667],"y":[1]},"o":{"x":[0.333],"y":[0]},"t":44,"s":[-7]},{"t":50.0000020365418,"s":[0]}],"ix":10},"p":{"a":1,"k":[{"i":{"x":0.667,"y":1},"o":{"x":0.333,"y":0},"t":0,"s":[513.416,444.301,0],"to":[14.008,-0.716,0],"ti":[-11.931,6.491,0]},{"i":{"x":0.667,"y":1},"o":{"x":0.333,"y":0},"t":2,"s":[533.879,443.968,0],"to":[22.762,-12.384,0],"ti":[-3.445,11.76,0]},{"i":{"x":0.667,"y":1},"o":{"x":0.333,"y":0},"t":5,"s":[601.046,395.152,0],"to":[4.502,-15.368,0],"ti":[0.512,0.139,0]},{"i":{"x":0.667,"y":1},"o":{"x":0.333,"y":0},"t":8,"s":[591.183,347.994,0],"to":[-1.881,-0.511,0],"ti":[60.005,14.93,0]},{"i":{"x":0.667,"y":1},"o":{"x":0.333,"y":0},"t":14,"s":[516.166,323.301,0],"to":[-19.575,-4.87,0],"ti":[0.333,-0.083,0]},{"i":{"x":0.667,"y":1},"o":{"x":0.333,"y":0},"t":22,"s":[486.166,318.801,0],"to":[-0.146,0.036,0],"ti":[-8.249,-4.051,0]},{"i":{"x":0.667,"y":1},"o":{"x":0.333,"y":0},"t":24,"s":[496.273,323.481,0],"to":[10.588,5.2,0],"ti":[-0.328,-0.164,0]},{"i":{"x":0.667,"y":1},"o":{"x":0.333,"y":0},"t":27,"s":[524.666,337.801,0],"to":[0.583,0.292,0],"ti":[0.083,-0.125,0]},{"i":{"x":0.667,"y":1},"o":{"x":0.333,"y":0},"t":30,"s":[529.666,351.301,0],"to":[-0.083,0.125,0],"ti":[0.083,-0.417,0]},{"i":{"x":0.667,"y":1},"o":{"x":0.333,"y":0},"t":33,"s":[519.666,377.801,0],"to":[-0.083,0.417,0],"ti":[0.583,-1.167,0]},{"i":{"x":0.667,"y":1},"o":{"x":0.333,"y":0},"t":36,"s":[510.666,441.301,0],"to":[-0.583,1.167,0],"ti":[0,-0.333,0]},{"i":{"x":0.667,"y":1},"o":{"x":0.333,"y":0},"t":40,"s":[503.719,456.301,0],"to":[0,0.333,0],"ti":[-0.167,0.833,0]},{"i":{"x":0.667,"y":1},"o":{"x":0.333,"y":0},"t":44,"s":[505.719,436.301,0],"to":[0.167,-0.833,0],"ti":[-20.146,1.029,0]},{"t":50.0000020365418,"s":[513.416,444.301,0]}],"ix":2,"l":2},"a":{"a":0,"k":[71.75,51.571,0],"ix":1,"l":2},"s":{"a":0,"k":[100,100,100],"ix":6,"l":2}},"ao":0,"shapes":[{"ty":"gr","it":[{"ind":0,"ty":"sh","ix":1,"ks":{"a":0,"k":{"i":[[0,0],[0,0]],"o":[[0,0],[0,0]],"v":[[76.536,67.25],[85.965,67.25]],"c":false},"ix":2},"nm":"Path 1","mn":"ADBE Vector Shape - Group","hd":false},{"ty":"st","c":{"a":0,"k":[0.992156862745,0.803921568627,0.035294117647,1],"ix":3},"o":{"a":0,"k":100,"ix":4},"w":{"a":0,"k":3,"ix":5},"lc":1,"lj":1,"ml":10,"bm":0,"nm":"Stroke 1","mn":"ADBE Vector Graphic - Stroke","hd":false},{"ty":"tr","p":{"a":0,"k":[0,0],"ix":2},"a":{"a":0,"k":[0,0],"ix":1},"s":{"a":0,"k":[100,100],"ix":3},"r":{"a":0,"k":0,"ix":6},"o":{"a":0,"k":100,"ix":7},"sk":{"a":0,"k":0,"ix":4},"sa":{"a":0,"k":0,"ix":5},"nm":"Transform"}],"nm":"Group 3","np":2,"cix":2,"bm":0,"ix":1,"mn":"ADBE Vector Group","hd":false},{"ty":"gr","it":[{"ind":0,"ty":"sh","ix":1,"ks":{"a":0,"k":{"i":[[0,0],[0,0],[0,0],[0,0]],"o":[[0,0],[0,0],[0,0],[0,0]],"v":[[13.928,10.072],[-13.928,10.072],[-13.928,-10.072],[13.928,-10.072]],"c":true},"ix":2},"nm":"Path 1","mn":"ADBE Vector Shape - Group","hd":false},{"ty":"st","c":{"a":0,"k":[0.992156862745,0.803921568627,0.035294117647,1],"ix":3},"o":{"a":0,"k":100,"ix":4},"w":{"a":0,"k":4,"ix":5},"lc":1,"lj":1,"ml":10,"bm":0,"nm":"Stroke 1","mn":"ADBE Vector Graphic - Stroke","hd":false},{"ty":"tr","p":{"a":0,"k":[71.178,67.464],"ix":2},"a":{"a":0,"k":[0,0],"ix":1},"s":{"a":0,"k":[100,100],"ix":3},"r":{"a":0,"k":0,"ix":6},"o":{"a":0,"k":100,"ix":7},"sk":{"a":0,"k":0,"ix":4},"sa":{"a":0,"k":0,"ix":5},"nm":"Transform"}],"nm":"Group 4","np":2,"cix":2,"bm":0,"ix":2,"mn":"ADBE Vector Group","hd":false},{"ty":"gr","it":[{"ind":0,"ty":"sh","ix":1,"ks":{"a":0,"k":{"i":[[0,0],[0,0],[0,0],[0,0]],"o":[[0,0],[0,0],[0,0],[0,0]],"v":[[42.215,11.035],[-42.215,11.035],[-42.215,-11.035],[42.215,-11.035]],"c":true},"ix":2},"nm":"Path 1","mn":"ADBE Vector Shape - Group","hd":false},{"ty":"fl","c":{"a":0,"k":[0.396078431373,0.18431372549,0.066666666667,1],"ix":4},"o":{"a":0,"k":100,"ix":5},"r":1,"bm":0,"nm":"Fill 1","mn":"ADBE Vector Graphic - Fill","hd":false},{"ty":"tr","p":{"a":0,"k":[70.964,67.785],"ix":2},"a":{"a":0,"k":[0,0],"ix":1},"s":{"a":0,"k":[100,100],"ix":3},"r":{"a":0,"k":0,"ix":6},"o":{"a":0,"k":100,"ix":7},"sk":{"a":0,"k":0,"ix":4},"sa":{"a":0,"k":0,"ix":5},"nm":"Transform"}],"nm":"Group 5","np":2,"cix":2,"bm":0,"ix":3,"mn":"ADBE Vector Group","hd":false},{"ty":"gr","it":[{"ind":0,"ty":"sh","ix":1,"ks":{"a":0,"k":{"i":[[3.255,0],[0,0],[0,1.598],[0,0],[0,0],[0,0]],"o":[[0,0],[-1.598,0],[0,0],[0,0],[0,0],[0,3.255]],"v":[[64.607,5.357],[-67.607,5.357],[-70.5,2.464],[-70.5,-5.357],[70.5,-5.357],[70.5,-0.536]],"c":true},"ix":2},"nm":"Path 1","mn":"ADBE Vector Shape - Group","hd":false},{"ty":"fl","c":{"a":0,"k":[0.854902020623,0.082352941176,0.101960791794,1],"ix":4},"o":{"a":0,"k":100,"ix":5},"r":1,"bm":0,"nm":"Fill 1","mn":"ADBE Vector Graphic - Fill","hd":false},{"ty":"tr","p":{"a":0,"k":[70.75,83.535],"ix":2},"a":{"a":0,"k":[0,0],"ix":1},"s":{"a":0,"k":[100,100],"ix":3},"r":{"a":0,"k":0,"ix":6},"o":{"a":0,"k":100,"ix":7},"sk":{"a":0,"k":0,"ix":4},"sa":{"a":0,"k":0,"ix":5},"nm":"Transform"}],"nm":"Group 8","np":2,"cix":2,"bm":0,"ix":4,"mn":"ADBE Vector Group","hd":false},{"ty":"gr","it":[{"ind":0,"ty":"sh","ix":1,"ks":{"a":1,"k":[{"i":{"x":0.667,"y":1},"o":{"x":0.333,"y":0},"t":0,"s":[{"i":[[0,0],[-12.429,15.643],[14.786,0.857],[-4.714,15.214],[-22.143,-8.142],[-11,-20.571],[-6.286,-23.357]],"o":[[0,0],[0,0],[0,0],[0,0],[0,0],[0,0],[0,0]],"v":[[-42.214,38.535],[-27.429,7.035],[-25.714,-16.535],[-33.214,-25.535],[-2.072,-30.393],[23.928,-6.25],[42.214,38.535]],"c":true}]},{"i":{"x":0.667,"y":1},"o":{"x":0.333,"y":0},"t":5,"s":[{"i":[[0,0],[-12.429,15.643],[15.291,-6.492],[-4.714,15.214],[-20.814,0.09],[-11,-20.571],[-6.286,-23.357]],"o":[[0,0],[0,0],[0,0],[0,0],[0,0],[0,0],[0,0]],"v":[[-42.214,38.535],[-27.429,7.035],[-34.65,4.392],[-42.15,-4.608],[-14.168,-23.341],[23.86,-2.992],[42.214,38.535]],"c":true}]},{"i":{"x":0.667,"y":1},"o":{"x":0.333,"y":0},"t":8,"s":[{"i":[[0,0],[-12.429,15.643],[15.805,1.515],[-7.412,13.202],[-20.442,-3.136],[-11,-20.571],[-6.286,-23.357]],"o":[[0,0],[0,0],[0,0],[0,0],[0,0],[0,0],[0,0]],"v":[[-42.214,38.535],[-28.052,7.074],[-34.02,-11.252],[-40.935,-20.915],[-14.563,-27.274],[23.86,-2.992],[42.214,38.535]],"c":true}]},{"i":{"x":0.667,"y":1},"o":{"x":0.333,"y":0},"t":11,"s":[{"i":[[0,0],[-12.429,15.643],[-5.618,10.656],[-8.692,10.754],[15.667,-38.379],[-10.95,-20.647],[-6.286,-23.357]],"o":[[0,0],[0,0],[0,0],[0,0],[0,0],[0,0],[0,0]],"v":[[-42.214,38.535],[-31.451,4.233],[-12.815,-39.828],[0.167,-56.156],[12.543,-40.251],[23.86,-2.992],[42.214,38.535]],"c":true}]},{"i":{"x":0.667,"y":1},"o":{"x":0.333,"y":0},"t":15,"s":[{"i":[[0,0],[-9.09,16.52],[-8.524,11.114],[-11.691,6.26],[30.965,-30.931],[-6.689,-6.97],[-6.286,-23.357]],"o":[[0,0],[0,0],[0,0],[0,0],[0,0],[0,0],[0,0]],"v":[[-42.214,38.535],[-31.964,2.284],[-18.408,-20.88],[1.076,-35.777],[14.057,-17.691],[22.747,-1.737],[42.214,38.535]],"c":true}]},{"i":{"x":0.667,"y":1},"o":{"x":0.333,"y":0},"t":20,"s":[{"i":[[0,0],[-9.09,16.52],[-1.448,11.067],[-4.117,7.842],[-12.431,-10.256],[-6.689,-6.97],[-6.286,-23.357]],"o":[[0,0],[0,0],[0,0],[14.098,-26.858],[0,0],[0,0],[0,0]],"v":[[-42.214,38.535],[-31.964,2.284],[-30.161,-17.391],[-23.887,-37.162],[3.293,-21.654],[21.353,0.427],[42.214,38.535]],"c":true}]},{"i":{"x":0.667,"y":1},"o":{"x":0.333,"y":0},"t":27,"s":[{"i":[[0,0],[-12.429,15.643],[15.805,1.515],[-7.412,13.202],[-20.442,-3.136],[-11,-20.571],[-6.286,-23.357]],"o":[[0,0],[0,0],[0,0],[0,0],[0,0],[0,0],[0,0]],"v":[[-42.214,38.535],[-28.052,7.074],[-34.02,-11.252],[-40.935,-20.915],[-14.563,-27.274],[23.86,-2.992],[42.214,38.535]],"c":true}]},{"i":{"x":0.667,"y":1},"o":{"x":0.333,"y":0},"t":34,"s":[{"i":[[0,0],[-12.429,15.643],[-5.618,10.656],[-1.451,11.991],[-18.198,-34.182],[-10.95,-20.647],[-6.286,-23.357]],"o":[[0,0],[0,0],[0,0],[0,0],[0,0],[0,0],[0,0]],"v":[[-42.214,38.535],[-31.451,4.233],[-19.234,-34.868],[-15.701,-57.301],[8.221,-44.711],[23.86,-2.992],[42.214,38.535]],"c":true}]},{"i":{"x":0.667,"y":1},"o":{"x":0.333,"y":0},"t":39,"s":[{"i":[[0,0],[0.51,13.542],[3.611,9.581],[2.146,12.082],[-9.855,-5.104],[-10.95,-20.647],[-10.437,-21.418]],"o":[[0,0],[0,0],[0,0],[0,0],[0,0],[0,0],[0,0]],"v":[[-42.214,38.535],[-27.383,5.674],[-33.511,-11.656],[-36.393,-29.079],[-27.336,-35.199],[17.488,-1.27],[42.214,38.535]],"c":true}]},{"i":{"x":0.667,"y":1},"o":{"x":0.333,"y":0},"t":40,"s":[{"i":[[0,0],[0.51,13.542],[5.575,6.371],[5.628,11.595],[-8.692,-1.718],[-21.737,-32.159],[-10.437,-21.418]],"o":[[0,0],[0,0],[0,0],[0,0],[0,0],[0,0],[0,0]],"v":[[-42.214,38.535],[-27.383,5.674],[-33.587,-5.772],[-48.367,-23.89],[-37.886,-31.733],[22.735,-2.881],[42.214,38.535]],"c":true}]},{"i":{"x":0.667,"y":1},"o":{"x":0.333,"y":0},"t":41,"s":[{"i":[[0,0],[0.51,13.542],[5.575,6.371],[9.436,3.449],[-13.826,6.396],[-29.481,-39.075],[-10.437,-21.418]],"o":[[0,0],[0,0],[0,0],[0,0],[0,0],[0,0],[0,0]],"v":[[-42.214,38.535],[-27.383,5.674],[-33.587,-5.772],[-51.885,-12.87],[-42.168,-26.992],[22.735,-2.881],[42.214,38.535]],"c":true}]},{"i":{"x":0.667,"y":1},"o":{"x":0.333,"y":0},"t":42,"s":[{"i":[[0,0],[-24.434,23.1],[15.032,7.156],[2.902,6.857],[-13.826,6.396],[-29.481,-39.075],[-10.437,-21.418]],"o":[[0,0],[0,0],[0,0],[0,0],[0,0],[0,0],[0,0]],"v":[[-42.214,38.535],[-27.383,5.674],[-33.848,-12.927],[-46.194,-14.913],[-31.9,-30.512],[25.661,-3.634],[42.214,38.535]],"c":true}]},{"i":{"x":0.667,"y":1},"o":{"x":0.333,"y":0},"t":44,"s":[{"i":[[0,0],[-14.959,23.626],[7.735,4.423],[2.902,6.857],[-13.826,6.396],[-23.252,-36.127],[-10.437,-21.418]],"o":[[0,0],[0,0],[0,0],[0,0],[0,0],[0,0],[0,0]],"v":[[-42.214,38.535],[-23.274,-1.126],[-25.486,-17.441],[-36.225,-22.253],[-22.515,-35.153],[25.661,-3.634],[42.214,38.535]],"c":true}]},{"i":{"x":0.667,"y":1},"o":{"x":0.333,"y":0},"t":45,"s":[{"i":[[0,0],[-14.959,23.626],[5.673,5.588],[4.503,1.518],[-13.826,6.396],[-23.252,-36.127],[-1.052,-23.678]],"o":[[0,0],[0,0],[0,0],[0,0],[0,0],[0,0],[0,0]],"v":[[-42.214,38.535],[-21.152,1.478],[-16.674,-20.059],[-23.632,-24.987],[-17.931,-38.203],[29.939,-3.699],[42.214,38.535]],"c":true}]},{"i":{"x":0.667,"y":1},"o":{"x":0.333,"y":0},"t":46,"s":[{"i":[[0,0],[-14.959,23.626],[5.673,5.588],[4.503,1.518],[-13.826,6.396],[-12.248,-34.448],[-1.052,-23.678]],"o":[[0,0],[0,0],[0,0],[0,0],[0,0],[0,0],[0,0]],"v":[[-42.214,38.535],[-21.061,6.502],[-11.381,-20.379],[-18.338,-25.307],[-12.637,-38.523],[29.939,-3.699],[42.214,38.535]],"c":true}]},{"i":{"x":0.667,"y":1},"o":{"x":0.333,"y":0},"t":47,"s":[{"i":[[0,0],[-14.959,23.626],[5.673,5.588],[4.503,1.518],[-13.826,6.396],[-12.248,-34.448],[-1.052,-23.678]],"o":[[0,0],[0,0],[0,0],[0,0],[0,0],[0,0],[0,0]],"v":[[-42.214,38.535],[-21.061,6.502],[-15.404,-20.125],[-22.361,-25.052],[-16.66,-38.268],[29.939,-3.699],[42.214,38.535]],"c":true}]},{"i":{"x":0.667,"y":1},"o":{"x":0.333,"y":0},"t":48,"s":[{"i":[[0,0],[-14.959,23.626],[5.673,5.588],[4.503,1.518],[-13.826,6.396],[-15.163,-33.938],[-3.327,-23.147]],"o":[[0,0],[0,0],[0,0],[0,0],[0,0],[0,0],[0,0]],"v":[[-42.214,38.535],[-21.061,6.502],[-19.273,-17.28],[-26.23,-22.208],[-20.53,-35.424],[27.651,-2.792],[42.214,38.535]],"c":true}]},{"t":50.0000020365418,"s":[{"i":[[0,0],[-14.959,23.626],[5.321,6.765],[4.503,1.518],[-13.826,6.396],[-16.603,-40.223],[-9.917,-20.8]],"o":[[0,0],[0,0],[0,0],[0,0],[0,0],[0,0],[0,0]],"v":[[-42.214,38.535],[-27.561,10.252],[-26.023,-13.53],[-35.23,-17.708],[-29.53,-30.924],[21.151,0.958],[42.214,38.535]],"c":true}]}],"ix":2},"nm":"Path 1","mn":"ADBE Vector Shape - Group","hd":false},{"ty":"fl","c":{"a":0,"k":[0.854902020623,0.082352941176,0.101960791794,1],"ix":4},"o":{"a":0,"k":100,"ix":5},"r":1,"bm":0,"nm":"Fill 1","mn":"ADBE Vector Graphic - Fill","hd":false},{"ty":"tr","p":{"a":0,"k":[70.536,38.786],"ix":2},"a":{"a":0,"k":[0,0],"ix":1},"s":{"a":0,"k":[100,100],"ix":3},"r":{"a":0,"k":0,"ix":6},"o":{"a":0,"k":100,"ix":7},"sk":{"a":0,"k":0,"ix":4},"sa":{"a":0,"k":0,"ix":5},"nm":"Transform"}],"nm":"Group 9","np":2,"cix":2,"bm":0,"ix":5,"mn":"ADBE Vector Group","hd":false}],"ip":0,"op":300.00001221925,"st":0,"bm":0},{"ddd":0,"ind":5,"ty":4,"nm":"face Outlines","sr":1,"ks":{"o":{"a":0,"k":100,"ix":11},"r":{"a":1,"k":[{"i":{"x":[0.667],"y":[1]},"o":{"x":[0.333],"y":[0]},"t":0,"s":[1]},{"i":{"x":[0.667],"y":[1]},"o":{"x":[0.333],"y":[0]},"t":11,"s":[47]},{"i":{"x":[0.667],"y":[1]},"o":{"x":[0.333],"y":[0]},"t":17,"s":[17]},{"i":{"x":[0.667],"y":[1]},"o":{"x":[0.333],"y":[0]},"t":22,"s":[-5]},{"i":{"x":[0.667],"y":[1]},"o":{"x":[0.333],"y":[0]},"t":25,"s":[-3.875]},{"i":{"x":[0.667],"y":[1]},"o":{"x":[0.333],"y":[0]},"t":30,"s":[14]},{"i":{"x":[0.667],"y":[1]},"o":{"x":[0.333],"y":[0]},"t":40,"s":[11]},{"t":45.0000018328876,"s":[1]}],"ix":10},"p":{"a":1,"k":[{"i":{"x":0.667,"y":1},"o":{"x":0.333,"y":0},"t":0,"s":[519.665,444.816,0],"to":[0.917,0.417,0],"ti":[-0.354,-1.187,0]},{"i":{"x":0.667,"y":1},"o":{"x":0.333,"y":0},"t":11,"s":[612.165,457.816,0],"to":[0.231,0.773,0],"ti":[0.693,0.704,0]},{"i":{"x":0.667,"y":1},"o":{"x":0.333,"y":0},"t":15,"s":[558.187,457.803,0],"to":[-0.664,-0.674,0],"ti":[0.426,-0.009,0]},{"i":{"x":0.667,"y":1},"o":{"x":0.333,"y":0},"t":17,"s":[533.665,457.316,0],"to":[-0.624,0.013,0],"ti":[-0.041,0.716,0]},{"i":{"x":0.667,"y":1},"o":{"x":0.333,"y":0},"t":22,"s":[500.665,447.316,0],"to":[0.05,-0.857,0],"ti":[-0.25,0.173,0]},{"i":{"x":0.667,"y":1},"o":{"x":0.333,"y":0},"t":25,"s":[500.665,423.316,0],"to":[0.955,-0.66,0],"ti":[0.076,0.442,0]},{"i":{"x":0.667,"y":1},"o":{"x":0.333,"y":0},"t":30,"s":[538.665,410.316,0],"to":[-0.046,-0.268,0],"ti":[-0.5,-0.03,0]},{"i":{"x":0.667,"y":1},"o":{"x":0.333,"y":0},"t":35,"s":[547.665,410.316,0],"to":[1.747,0.106,0],"ti":[0.71,-0.348,0]},{"i":{"x":0.667,"y":1},"o":{"x":0.333,"y":0},"t":40,"s":[526.165,465.816,0],"to":[-0.531,0.26,0],"ti":[0.827,0.308,0]},{"t":45.0000018328876,"s":[519.665,444.816,0]}],"ix":2,"l":2},"a":{"a":0,"k":[66.829,9.243,0],"ix":1,"l":2},"s":{"a":1,"k":[{"i":{"x":[0.667,0.667,0.667],"y":[1,1,1]},"o":{"x":[0.333,0.333,0.333],"y":[0,0,0]},"t":0,"s":[79,79,100]},{"i":{"x":[0.667,0.667,0.667],"y":[1,1,1]},"o":{"x":[0.333,0.333,0.333],"y":[0,0,0]},"t":11,"s":[88,88,100]},{"i":{"x":[0.667,0.667,0.667],"y":[1,1,1]},"o":{"x":[0.333,0.333,0.333],"y":[0,0,0]},"t":17,"s":[80,80,100]},{"i":{"x":[0.667,0.667,0.667],"y":[1,1,1]},"o":{"x":[0.333,0.333,0.333],"y":[0,0,0]},"t":25,"s":[78,78,100]},{"i":{"x":[0.667,0.667,0.667],"y":[1,1,1]},"o":{"x":[0.333,0.333,0.333],"y":[0,0,0]},"t":35,"s":[82,82,100]},{"i":{"x":[0.667,0.667,0.667],"y":[1,1,1]},"o":{"x":[0.333,0.333,0.333],"y":[0,0,0]},"t":40,"s":[89,89,100]},{"t":45.0000018328876,"s":[81,81,100]}],"ix":6,"l":2}},"ao":0,"hasMask":true,"masksProperties":[{"inv":false,"mode":"a","pt":{"a":1,"k":[{"i":{"x":0.667,"y":1},"o":{"x":0.333,"y":0},"t":30,"s":[{"i":[[0,0],[77.351,-26.219],[0,0],[0,0],[0,0],[0,0],[37.392,79.177]],"o":[[0,0],[-77.351,26.219],[0,0],[0,0],[0,0],[0,0],[-37.392,-79.177]],"v":[[137.037,-44.675],[58.694,-30.87],[-27.654,-2.557],[-44.043,-5.066],[-24.251,191.373],[153.178,174.109],[184.669,56.775]],"c":true}]},{"i":{"x":0.667,"y":1},"o":{"x":0.333,"y":0},"t":34,"s":[{"i":[[0,0],[61.886,-22.288],[0,0],[0,0],[0,0],[0,0],[37.391,79.177]],"o":[[0,0],[-76.805,27.767],[0,0],[0,0],[0,0],[0,0],[-37.392,-79.177]],"v":[[78.769,38.63],[24.281,12.234],[-27.654,-2.557],[-44.043,-5.066],[-24.251,191.373],[153.178,174.109],[198.883,93.845]],"c":true}]},{"i":{"x":0.667,"y":1},"o":{"x":0.333,"y":0},"t":35,"s":[{"i":[[0,0],[58.019,-21.305],[0,0],[0,0],[0,0],[0,0],[37.391,79.177]],"o":[[0,0],[-76.668,28.154],[0,0],[0,0],[0,0],[0,0],[-37.392,-79.177]],"v":[[69.787,63.293],[15.677,23.01],[-27.654,-2.557],[-44.043,-5.066],[-24.251,191.373],[153.178,174.109],[202.437,103.113]],"c":true}]},{"i":{"x":0.667,"y":1},"o":{"x":0.333,"y":0},"t":36,"s":[{"i":[[0,0],[58.019,-21.305],[0,0],[0,0],[0,0],[0,0],[38.156,78.811]],"o":[[0,0],[-76.668,28.154],[0,0],[0,0],[0,0],[0,0],[-33.626,-69.455]],"v":[[70.769,73.508],[15.677,23.01],[-27.654,-2.557],[-44.043,-5.066],[-24.251,191.373],[153.178,174.109],[202.437,103.113]],"c":true}]},{"i":{"x":0.667,"y":1},"o":{"x":0.333,"y":0},"t":40,"s":[{"i":[[0,0],[58.019,-21.305],[0,0],[0,0],[0,0],[0,0],[38.156,78.811]],"o":[[0,0],[-76.668,28.154],[0,0],[0,0],[0,0],[0,0],[-33.626,-69.455]],"v":[[102.696,16.939],[15.677,23.01],[-27.654,-2.557],[-44.043,-5.066],[-24.251,191.373],[153.178,174.109],[202.437,103.113]],"c":true}]},{"t":47.0000019143492,"s":[{"i":[[0,0],[58.019,-21.305],[0,0],[0,0],[0,0],[0,0],[38.156,78.811]],"o":[[0,0],[-76.668,28.154],[0,0],[0,0],[0,0],[0,0],[-33.626,-69.455]],"v":[[96.663,42.665],[15.677,23.01],[-27.654,-2.557],[-44.043,-5.066],[-24.251,191.373],[153.178,174.109],[202.437,103.113]],"c":true}]}],"ix":1},"o":{"a":0,"k":100,"ix":3},"x":{"a":0,"k":0,"ix":4},"nm":"Mask 1"}],"shapes":[{"ty":"gr","it":[{"ind":0,"ty":"sh","ix":1,"ks":{"a":0,"k":{"i":[[-26.601,11.431],[-16.409,-16.135],[-4.231,-1.712],[-6.32,46.016],[-4.869,11.742],[-0.363,0.696],[9.345,11.599],[-5.421,11.429],[0.378,3.051],[12.918,3.738],[1.362,3.553],[1.09,0.082],[-2.768,1.702],[11.61,4.747],[15.054,1.022],[-3.419,7.709],[28.773,6.121],[3.331,-1.423],[-0.059,-11.508],[1.167,-12.284],[11.118,-16.556],[-11.063,-11.581],[3.197,-1.737],[-4.815,-1.011],[4.742,-0.928],[-0.432,-13.065],[0.014,-1.226]],"o":[[0,0],[3.255,3.201],[12.202,4.938],[0,0],[0.301,-0.725],[1.111,-2.128],[0,0],[1.318,-2.778],[-0.713,-5.753],[0,0],[-0.391,-1.02],[-1.713,-0.129],[0,0],[0,0],[0,0],[0,0],[-3.543,-0.753],[-6.057,2.588],[0,0],[0,0],[0,0],[0,0],[0,0],[0,0],[0,0],[0.041,1.225],[-0.084,6.984]],"v":[[-36.401,31.917],[-30.699,70.026],[-19.288,77.372],[27.059,42.091],[47.996,46.831],[48.944,44.682],[42.835,24.148],[63.621,12.726],[64.935,3.773],[48.134,-15.399],[53.474,-22.599],[50.978,-24.344],[49.283,-26.644],[43.548,-39.31],[35.682,-55.549],[31.875,-59.857],[8.869,-87.354],[-1.691,-86.347],[-16.46,-66.514],[-26.751,-61.857],[-55.19,-54.292],[-54.251,-28.526],[-54.116,-24.682],[-53.246,-19.331],[-54.479,-16.047],[-64.618,9.577],[-64.57,13.254]],"c":true},"ix":2},"nm":"Path 1","mn":"ADBE Vector Shape - Group","hd":false},{"ty":"fl","c":{"a":0,"k":[0.858823529412,0.858823529412,0.858823529412,1],"ix":4},"o":{"a":0,"k":100,"ix":5},"r":1,"bm":0,"nm":"Fill 1","mn":"ADBE Vector Graphic - Fill","hd":false},{"ty":"tr","p":{"a":0,"k":[65.563,88.356],"ix":2},"a":{"a":0,"k":[0,0],"ix":1},"s":{"a":0,"k":[100,100],"ix":3},"r":{"a":0,"k":0,"ix":6},"o":{"a":0,"k":100,"ix":7},"sk":{"a":0,"k":0,"ix":4},"sa":{"a":0,"k":0,"ix":5},"nm":"Transform"}],"nm":"Group 1","np":2,"cix":2,"bm":0,"ix":1,"mn":"ADBE Vector Group","hd":false}],"ip":0,"op":300.00001221925,"st":0,"bm":0},{"ddd":0,"ind":6,"ty":4,"nm":"main body Outlines","sr":1,"ks":{"o":{"a":0,"k":100,"ix":11},"r":{"a":1,"k":[{"i":{"x":[0.667],"y":[1]},"o":{"x":[0.333],"y":[0]},"t":0,"s":[0]},{"i":{"x":[0.667],"y":[1]},"o":{"x":[0.333],"y":[0]},"t":11,"s":[22]},{"i":{"x":[0.667],"y":[1]},"o":{"x":[0.333],"y":[0]},"t":17,"s":[7]},{"i":{"x":[0.667],"y":[1]},"o":{"x":[0.333],"y":[0]},"t":22,"s":[-5]},{"i":{"x":[0.667],"y":[1]},"o":{"x":[0.333],"y":[0]},"t":25,"s":[5]},{"i":{"x":[0.667],"y":[1]},"o":{"x":[0.333],"y":[0]},"t":30,"s":[24]},{"i":{"x":[0.667],"y":[1]},"o":{"x":[0.333],"y":[0]},"t":35,"s":[21]},{"i":{"x":[0.667],"y":[1]},"o":{"x":[0.333],"y":[0]},"t":40,"s":[-1]},{"t":45.0000018328876,"s":[0]}],"ix":10},"p":{"a":1,"k":[{"i":{"x":0.667,"y":1},"o":{"x":0.333,"y":0},"t":0,"s":[519,485.786,0],"to":[6.25,-0.25,0],"ti":[-0.291,0.301,0]},{"i":{"x":0.667,"y":1},"o":{"x":0.333,"y":0},"t":11,"s":[556.5,484.286,0],"to":[0.16,-0.166,0],"ti":[0.788,0.478,0]},{"i":{"x":0.667,"y":1},"o":{"x":0.333,"y":0},"t":17,"s":[519.5,492.286,0],"to":[-0.587,-0.357,0],"ti":[0.23,-0.105,0]},{"i":{"x":0.667,"y":1},"o":{"x":0.333,"y":0},"t":22,"s":[498.5,489.286,0],"to":[-0.054,0.024,0],"ti":[-0.558,0.848,0]},{"i":{"x":0.667,"y":1},"o":{"x":0.333,"y":0},"t":25,"s":[505,461.786,0],"to":[0.219,-0.333,0],"ti":[-0.241,-0.179,0]},{"i":{"x":0.667,"y":1},"o":{"x":0.333,"y":0},"t":30,"s":[532,455.786,0],"to":[0.535,0.398,0],"ti":[0.193,-0.762,0]},{"i":{"x":0.667,"y":1},"o":{"x":0.333,"y":0},"t":35,"s":[532,465.786,0],"to":[-0.09,0.353,0],"ti":[0.273,0.273,0]},{"i":{"x":0.667,"y":1},"o":{"x":0.333,"y":0},"t":40,"s":[507,489.786,0],"to":[-0.042,-0.042,0],"ti":[-2,0.667,0]},{"t":45.0000018328876,"s":[519,485.786,0]}],"ix":2,"l":2},"a":{"a":0,"k":[72.607,8.893,0],"ix":1,"l":2},"s":{"a":0,"k":[100,106.34,100],"ix":6,"l":2}},"ao":0,"shapes":[{"ty":"gr","it":[{"ind":0,"ty":"sh","ix":1,"ks":{"a":0,"k":{"i":[[0,0],[0,0],[0,0],[0,0]],"o":[[0,0],[0,0],[0,0],[0,0]],"v":[[-62.471,2.191],[2.541,43.6],[62.863,43.635],[-44.162,-50.05]],"c":true},"ix":2},"nm":"Path 1","mn":"ADBE Vector Shape - Group","hd":false},{"ty":"fl","c":{"a":0,"k":[1,1,1,1],"ix":4},"o":{"a":0,"k":100,"ix":5},"r":1,"bm":0,"nm":"Fill 1","mn":"ADBE Vector Graphic - Fill","hd":false},{"ty":"tr","p":{"a":0,"k":[79.493,76.485],"ix":2},"a":{"a":0,"k":[0,0],"ix":1},"s":{"a":0,"k":[100,100],"ix":3},"r":{"a":0,"k":0,"ix":6},"o":{"a":0,"k":100,"ix":7},"sk":{"a":0,"k":0,"ix":4},"sa":{"a":0,"k":0,"ix":5},"nm":"Transform"}],"nm":"Group 1","np":2,"cix":2,"bm":0,"ix":1,"mn":"ADBE Vector Group","hd":false},{"ty":"gr","it":[{"ind":0,"ty":"sh","ix":1,"ks":{"a":0,"k":{"i":[[0,0],[0,0],[0,0],[0,0],[0,0]],"o":[[0,0],[0,0],[0,0],[0,0],[0,0]],"v":[[71.249,56.727],[0.64,56.727],[-70.465,56.727],[-27,-62],[35,-63.143]],"c":true},"ix":2},"nm":"Path 1","mn":"ADBE Vector Shape - Group","hd":false},{"ty":"fl","c":{"a":0,"k":[0.929411764706,0.117647058824,0.141176470588,1],"ix":4},"o":{"a":0,"k":100,"ix":5},"r":1,"bm":0,"nm":"Fill 1","mn":"ADBE Vector Graphic - Fill","hd":false},{"ty":"tr","p":{"a":0,"k":[71.107,63.393],"ix":2},"a":{"a":0,"k":[0,0],"ix":1},"s":{"a":0,"k":[100,100],"ix":3},"r":{"a":0,"k":0,"ix":6},"o":{"a":0,"k":100,"ix":7},"sk":{"a":0,"k":0,"ix":4},"sa":{"a":0,"k":0,"ix":5},"nm":"Transform"}],"nm":"Group 2","np":2,"cix":2,"bm":0,"ix":2,"mn":"ADBE Vector Group","hd":false}],"ip":0,"op":300.00001221925,"st":0,"bm":0},{"ddd":0,"ind":7,"ty":4,"nm":"shoes Outlines","sr":1,"ks":{"o":{"a":0,"k":100,"ix":11},"r":{"a":1,"k":[{"i":{"x":[0.667],"y":[1]},"o":{"x":[0.333],"y":[0]},"t":0,"s":[0]},{"i":{"x":[0.667],"y":[1]},"o":{"x":[0.333],"y":[0]},"t":22,"s":[0]},{"i":{"x":[0.667],"y":[1]},"o":{"x":[0.333],"y":[0]},"t":30,"s":[32]},{"i":{"x":[0.667],"y":[1]},"o":{"x":[0.333],"y":[0]},"t":40,"s":[4]},{"t":45.0000018328876,"s":[0]}],"ix":10},"p":{"a":1,"k":[{"i":{"x":0.667,"y":1},"o":{"x":0.333,"y":0},"t":0,"s":[523.451,640.112,0],"to":[-0.042,0.083,0],"ti":[0.129,-0.002,0]},{"i":{"x":0.667,"y":1},"o":{"x":0.333,"y":0},"t":11,"s":[520.576,627.112,0],"to":[-0.186,0.003,0],"ti":[-0.015,0.121,0]},{"i":{"x":0.667,"y":1},"o":{"x":0.333,"y":0},"t":22,"s":[517.576,640.612,0],"to":[0.021,-0.171,0],"ti":[-0.034,0.244,0]},{"i":{"x":0.667,"y":1},"o":{"x":0.333,"y":0},"t":25,"s":[511.577,606.612,0],"to":[0.026,-0.185,0],"ti":[-0.083,0.583,0]},{"i":{"x":0.667,"y":1},"o":{"x":0.333,"y":0},"t":30,"s":[502.327,596.112,0],"to":[0.037,-0.261,0],"ti":[-1.033,-2.887,0]},{"i":{"x":0.667,"y":1},"o":{"x":0.333,"y":0},"t":32,"s":[505.336,603.504,0],"to":[1.278,3.57,0],"ti":[-0.04,-0.152,0]},{"i":{"x":0.667,"y":1},"o":{"x":0.333,"y":0},"t":35,"s":[510.077,613.112,0],"to":[0.064,0.244,0],"ti":[0.284,-0.132,0]},{"i":{"x":0.667,"y":1},"o":{"x":0.333,"y":0},"t":40,"s":[521.452,626.362,0],"to":[-0.101,0.047,0],"ti":[0.992,-1.985,0]},{"t":45.0000018328876,"s":[523.451,640.112,0]}],"ix":2,"l":2},"a":{"a":0,"k":[2.768,3.992,0],"ix":1,"l":2},"s":{"a":0,"k":[100,100,100],"ix":6,"l":2}},"ao":0,"shapes":[{"ty":"gr","it":[{"ind":0,"ty":"sh","ix":1,"ks":{"a":0,"k":{"i":[[23.036,-2.357],[0,0],[0,0]],"o":[[0,0],[0,0],[0,0]],"v":[[-11.518,-2.385],[-11.496,4.742],[6.89,4.638]],"c":true},"ix":2},"nm":"Path 1","mn":"ADBE Vector Shape - Group","hd":false},{"ty":"fl","c":{"a":0,"k":[0.396078431373,0.18431372549,0.066666666667,1],"ix":4},"o":{"a":0,"k":100,"ix":5},"r":1,"bm":0,"nm":"Fill 1","mn":"ADBE Vector Graphic - Fill","hd":false},{"ty":"tr","p":{"a":0,"k":[11.768,4.992],"ix":2},"a":{"a":0,"k":[0,0],"ix":1},"s":{"a":0,"k":[100,100],"ix":3},"r":{"a":0,"k":0,"ix":6},"o":{"a":0,"k":100,"ix":7},"sk":{"a":0,"k":0,"ix":4},"sa":{"a":0,"k":0,"ix":5},"nm":"Transform"}],"nm":"Group 1","np":2,"cix":2,"bm":0,"ix":1,"mn":"ADBE Vector Group","hd":false}],"ip":0,"op":300.00001221925,"st":0,"bm":0},{"ddd":0,"ind":8,"ty":4,"nm":"right lower lrg Outlines","sr":1,"ks":{"o":{"a":0,"k":100,"ix":11},"r":{"a":1,"k":[{"i":{"x":[0.667],"y":[1]},"o":{"x":[0.333],"y":[0]},"t":0,"s":[0]},{"i":{"x":[0.667],"y":[1]},"o":{"x":[0.333],"y":[0]},"t":11,"s":[10]},{"i":{"x":[0.667],"y":[1]},"o":{"x":[0.333],"y":[0]},"t":17,"s":[55]},{"i":{"x":[0.667],"y":[1]},"o":{"x":[0.333],"y":[0]},"t":22,"s":[0]},{"i":{"x":[0.667],"y":[1]},"o":{"x":[0.333],"y":[0]},"t":35,"s":[13]},{"t":45.0000018328876,"s":[0]}],"ix":10},"p":{"a":1,"k":[{"i":{"x":0.667,"y":1},"o":{"x":0.333,"y":0},"t":0,"s":[526.696,633.268,0],"to":[-0.438,-1.979,0],"ti":[0.139,-0.043,0]},{"i":{"x":0.667,"y":1},"o":{"x":0.333,"y":0},"t":11,"s":[524.071,621.393,0],"to":[-0.155,0.048,0],"ti":[0.092,0.041,0]},{"i":{"x":0.667,"y":1},"o":{"x":0.333,"y":0},"t":22,"s":[519.571,635.393,0],"to":[-0.438,-0.198,0],"ti":[-0.05,0.263,0]},{"i":{"x":0.667,"y":1},"o":{"x":0.333,"y":0},"t":25,"s":[513.571,599.393,0],"to":[0.052,-0.275,0],"ti":[-0.099,0.043,0]},{"i":{"x":0.667,"y":1},"o":{"x":0.333,"y":0},"t":30,"s":[504.946,588.893,0],"to":[0.084,-0.036,0],"ti":[-1.248,-2.402,0]},{"i":{"x":0.667,"y":1},"o":{"x":0.333,"y":0},"t":32,"s":[508.394,595.619,0],"to":[1.606,3.091,0],"ti":[-0.123,-0.109,0]},{"i":{"x":0.667,"y":1},"o":{"x":0.333,"y":0},"t":35,"s":[513.946,604.143,0],"to":[0.157,0.139,0],"ti":[-0.083,-0.229,0]},{"i":{"x":0.667,"y":1},"o":{"x":0.333,"y":0},"t":40,"s":[523.946,619.893,0],"to":[1.536,4.223,0],"ti":[-0.458,-2.229,0]},{"t":45.0000018328876,"s":[526.696,633.268,0]}],"ix":2,"l":2},"a":{"a":0,"k":[4.5,15,0],"ix":1,"l":2},"s":{"a":0,"k":[100,100,100],"ix":6,"l":2}},"ao":0,"shapes":[{"ty":"gr","it":[{"ind":0,"ty":"sh","ix":1,"ks":{"a":1,"k":[{"i":{"x":0.833,"y":0.833},"o":{"x":0.333,"y":0},"t":0,"s":[{"i":[[0,0],[0,0],[0,0]],"o":[[0,0],[0,0],[0,0]],"v":[[4.5,4.5],[4.5,9.673],[4.5,25.5]],"c":false}]},{"i":{"x":0.667,"y":1},"o":{"x":0.167,"y":0.167},"t":12,"s":[{"i":[[0,0],[1.485,-5.108],[0,0]],"o":[[0,0],[-1.396,4.801],[0,0]],"v":[[7.246,2.541],[4.883,10.717],[8.773,21.183]],"c":false}]},{"i":{"x":0.667,"y":1},"o":{"x":0.333,"y":0},"t":15,"s":[{"i":[[0,0],[1.658,-5.701],[0,0]],"o":[[0,0],[-1.558,5.358],[0,0]],"v":[[4.436,3.629],[4.927,10.838],[9.269,20.682]],"c":false}]},{"i":{"x":0.667,"y":1},"o":{"x":0.333,"y":0},"t":17,"s":[{"i":[[0,0],[1.658,-5.701],[0,0]],"o":[[0,0],[-1.558,5.358],[0,0]],"v":[[2.769,3.106],[4.927,10.838],[11.085,19.582]],"c":false}]},{"i":{"x":0.833,"y":0.833},"o":{"x":0.333,"y":0},"t":22,"s":[{"i":[[0,0],[0,0],[0,0]],"o":[[0,0],[0,0],[0,0]],"v":[[4.5,4.5],[4.5,9.673],[4.5,25.5]],"c":false}]},{"i":{"x":0.833,"y":0.833},"o":{"x":0.167,"y":0.167},"t":28,"s":[{"i":[[0,0],[0,0],[0,0]],"o":[[0,0],[0,0],[0,0]],"v":[[6.102,2.456],[5.345,10.261],[4.81,25.299]],"c":false}]},{"i":{"x":0.833,"y":0.833},"o":{"x":0.167,"y":0.167},"t":31,"s":[{"i":[[0,0],[0,0],[0,0]],"o":[[0,0],[0,0],[0,0]],"v":[[4.758,1.827],[5.984,10.707],[5.045,25.146]],"c":false}]},{"i":{"x":0.833,"y":0.833},"o":{"x":0.167,"y":0.167},"t":32,"s":[{"i":[[0,0],[0,0],[0,0]],"o":[[0,0],[0,0],[0,0]],"v":[[3.96,0.381],[6.493,10.883],[5.135,25.088]],"c":false}]},{"i":{"x":0.833,"y":0.833},"o":{"x":0.167,"y":0.167},"t":34,"s":[{"i":[[0,0],[0,0],[0,0]],"o":[[0,0],[0,0],[0,0]],"v":[[4.935,1.086],[7.512,11.236],[5.314,24.971]],"c":false}]},{"i":{"x":0.833,"y":0.833},"o":{"x":0.167,"y":0.167},"t":35,"s":[{"i":[[0,0],[0,0],[0,0]],"o":[[0,0],[0,0],[0,0]],"v":[[7.732,3.992],[8.021,11.412],[5.404,24.913]],"c":false}]},{"i":{"x":0.833,"y":0.833},"o":{"x":0.167,"y":0.167},"t":36,"s":[{"i":[[0,0],[0,0],[0,0]],"o":[[0,0],[0,0],[0,0]],"v":[[10.431,3.345],[9.66,11.554],[5.498,24.852]],"c":false}]},{"i":{"x":0.667,"y":1},"o":{"x":0.167,"y":0.167},"t":38,"s":[{"i":[[0,0],[0,0],[0,0]],"o":[[0,0],[0,0],[0,0]],"v":[[10.235,4.497],[9.115,11.952],[5.685,24.731]],"c":false}]},{"i":{"x":0.667,"y":1},"o":{"x":0.333,"y":0},"t":40,"s":[{"i":[[0,0],[0,0],[0,0]],"o":[[0,0],[0,0],[0,0]],"v":[[9.581,4.343],[7.723,12.394],[5.727,24.704]],"c":false}]},{"t":45.0000018328876,"s":[{"i":[[0,0],[0,0],[0,0]],"o":[[0,0],[0,0],[0,0]],"v":[[4.5,4.5],[4.5,9.673],[4.5,25.5]],"c":false}]}],"ix":2},"nm":"Path 1","mn":"ADBE Vector Shape - Group","hd":false},{"ty":"st","c":{"a":0,"k":[0.85882358925,0.85882358925,0.85882358925,1],"ix":3},"o":{"a":0,"k":100,"ix":4},"w":{"a":0,"k":9,"ix":5},"lc":1,"lj":1,"ml":10,"bm":0,"nm":"Stroke 1","mn":"ADBE Vector Graphic - Stroke","hd":false},{"ty":"tr","p":{"a":0,"k":[0,0],"ix":2},"a":{"a":0,"k":[0,0],"ix":1},"s":{"a":0,"k":[100,100],"ix":3},"r":{"a":0,"k":0,"ix":6},"o":{"a":0,"k":100,"ix":7},"sk":{"a":0,"k":0,"ix":4},"sa":{"a":0,"k":0,"ix":5},"nm":"Transform"}],"nm":"Group 1","np":2,"cix":2,"bm":0,"ix":1,"mn":"ADBE Vector Group","hd":false}],"ip":0,"op":300.00001221925,"st":0,"bm":0},{"ddd":0,"ind":9,"ty":4,"nm":"right upper leg Outlines","sr":1,"ks":{"o":{"a":0,"k":100,"ix":11},"r":{"a":1,"k":[{"i":{"x":[0.667],"y":[1]},"o":{"x":[0.333],"y":[0]},"t":0,"s":[0]},{"i":{"x":[0.667],"y":[1]},"o":{"x":[0.333],"y":[0]},"t":11,"s":[11]},{"i":{"x":[0.667],"y":[1]},"o":{"x":[0.333],"y":[0]},"t":22,"s":[0]},{"t":45.0000018328876,"s":[0]}],"ix":10},"p":{"a":1,"k":[{"i":{"x":0.667,"y":1},"o":{"x":0.333,"y":0},"t":0,"s":[526.696,615.607,0],"to":[0.333,-0.583,0],"ti":[0.06,0.128,0]},{"i":{"x":0.667,"y":1},"o":{"x":0.333,"y":0},"t":11,"s":[527.571,605.357,0],"to":[-0.037,-0.08,0],"ti":[-0.052,-0.013,0]},{"i":{"x":0.667,"y":1},"o":{"x":0.333,"y":0},"t":17,"s":[530.446,611.107,0],"to":[0.329,0.082,0],"ti":[0.007,0.156,0]},{"i":{"x":0.667,"y":1},"o":{"x":0.333,"y":0},"t":22,"s":[520.071,617.857,0],"to":[-0.013,-0.278,0],"ti":[0.118,0.435,0]},{"i":{"x":0.667,"y":1},"o":{"x":0.333,"y":0},"t":25,"s":[515.071,579.857,0],"to":[-0.097,-0.356,0],"ti":[-0.165,-0.137,0]},{"i":{"x":0.667,"y":1},"o":{"x":0.333,"y":0},"t":30,"s":[509.446,566.982,0],"to":[0.151,0.126,0],"ti":[0,0,0]},{"i":{"x":0.667,"y":1},"o":{"x":0.333,"y":0},"t":40,"s":[529.696,600.732,0],"to":[0.063,-0.125,0],"ti":[0.118,-0.113,0]},{"t":45.0000018328876,"s":[526.696,615.607,0]}],"ix":2,"l":2},"a":{"a":0,"k":[5,13.928,0],"ix":1,"l":2},"s":{"a":0,"k":[100,100,100],"ix":6,"l":2}},"ao":0,"shapes":[{"ty":"gr","it":[{"ind":0,"ty":"sh","ix":1,"ks":{"a":1,"k":[{"i":{"x":0.667,"y":1},"o":{"x":0.333,"y":0},"t":0,"s":[{"i":[[0,0],[0,0],[0,0]],"o":[[0,0],[0,0],[0,0]],"v":[[4.5,4.5],[4.5,19.6],[4.5,23.357]],"c":false}]},{"i":{"x":0.667,"y":1},"o":{"x":0.333,"y":0},"t":15,"s":[{"i":[[0,0],[0,-4.485],[0,0]],"o":[[0,0],[0,1.801],[0,0]],"v":[[4.5,4.5],[7.67,16.574],[5.577,23.657]],"c":false}]},{"i":{"x":0.667,"y":1},"o":{"x":0.333,"y":0},"t":22,"s":[{"i":[[0,0],[0,0],[0,0]],"o":[[0,0],[0,0],[0,0]],"v":[[4.5,4.5],[4.5,19.6],[4.5,23.357]],"c":false}]},{"i":{"x":0.667,"y":1},"o":{"x":0.333,"y":0},"t":40,"s":[{"i":[[0,0],[0,0],[0,0]],"o":[[0,0],[0,0],[0,0]],"v":[[5,15],[6,21.85],[3.75,26.732]],"c":false}]},{"t":45.0000018328876,"s":[{"i":[[0,0],[0,0],[0,0]],"o":[[0,0],[0,0],[0,0]],"v":[[4.5,4.5],[4.5,19.6],[4.5,23.357]],"c":false}]}],"ix":2},"nm":"Path 1","mn":"ADBE Vector Shape - Group","hd":false},{"ty":"st","c":{"a":0,"k":[0.854902020623,0.082352941176,0.101960791794,1],"ix":3},"o":{"a":0,"k":100,"ix":4},"w":{"a":0,"k":9,"ix":5},"lc":2,"lj":1,"ml":10,"bm":0,"nm":"Stroke 1","mn":"ADBE Vector Graphic - Stroke","hd":false},{"ty":"tr","p":{"a":0,"k":[0,0],"ix":2},"a":{"a":0,"k":[0,0],"ix":1},"s":{"a":0,"k":[100,100],"ix":3},"r":{"a":0,"k":0,"ix":6},"o":{"a":0,"k":100,"ix":7},"sk":{"a":0,"k":0,"ix":4},"sa":{"a":0,"k":0,"ix":5},"nm":"Transform"}],"nm":"Group 1","np":2,"cix":2,"bm":0,"ix":1,"mn":"ADBE Vector Group","hd":false}],"ip":0,"op":300.00001221925,"st":0,"bm":0},{"ddd":0,"ind":10,"ty":4,"nm":"left shoes Outlines","sr":1,"ks":{"o":{"a":0,"k":100,"ix":11},"r":{"a":1,"k":[{"i":{"x":[0.667],"y":[1]},"o":{"x":[0.333],"y":[0]},"t":0,"s":[0]},{"i":{"x":[0.667],"y":[1]},"o":{"x":[0.333],"y":[0]},"t":5,"s":[20]},{"i":{"x":[0.667],"y":[1]},"o":{"x":[0.333],"y":[0]},"t":11,"s":[24]},{"i":{"x":[0.667],"y":[1]},"o":{"x":[0.333],"y":[0]},"t":17,"s":[7]},{"i":{"x":[0.667],"y":[1]},"o":{"x":[0.333],"y":[0]},"t":25,"s":[0]},{"i":{"x":[0.667],"y":[1]},"o":{"x":[0.333],"y":[0]},"t":30,"s":[-38]},{"i":{"x":[0.667],"y":[1]},"o":{"x":[0.333],"y":[0]},"t":40,"s":[2]},{"t":45.0000018328876,"s":[0]}],"ix":10},"p":{"a":1,"k":[{"i":{"x":0.667,"y":1},"o":{"x":0.333,"y":0},"t":0,"s":[500.612,639.459,0],"to":[-2.792,-2.812,0],"ti":[3.25,4.333,0]},{"i":{"x":0.667,"y":1},"o":{"x":0.333,"y":0},"t":5,"s":[483.862,622.584,0],"to":[-3.25,-4.333,0],"ti":[-2.396,-0.646,0]},{"i":{"x":0.667,"y":1},"o":{"x":0.333,"y":0},"t":11,"s":[481.112,613.459,0],"to":[2.396,0.646,0],"ti":[-0.333,2.604,0]},{"i":{"x":0.667,"y":1},"o":{"x":0.333,"y":0},"t":17,"s":[498.237,626.459,0],"to":[0.333,-2.604,0],"ti":[5.177,8.76,0]},{"i":{"x":0.667,"y":1},"o":{"x":0.333,"y":0},"t":25,"s":[483.112,597.834,0],"to":[-5.177,-8.76,0],"ti":[1.198,1.531,0]},{"i":{"x":0.667,"y":1},"o":{"x":0.333,"y":0},"t":30,"s":[467.174,573.897,0],"to":[-0.732,-0.936,0],"ti":[-2.459,-4.06,0]},{"i":{"x":0.667,"y":1},"o":{"x":0.333,"y":0},"t":32,"s":[472.417,579.578,0],"to":[1.566,2.585,0],"ti":[-1.994,-3.29,0]},{"i":{"x":0.667,"y":1},"o":{"x":0.333,"y":0},"t":35,"s":[477.925,590.647,0],"to":[5.125,8.458,0],"ti":[-3.781,-8.135,0]},{"i":{"x":0.667,"y":1},"o":{"x":0.333,"y":0},"t":40,"s":[497.924,624.647,0],"to":[3.781,8.135,0],"ti":[-0.448,-2.469,0]},{"t":45.0000018328876,"s":[500.612,639.459,0]}],"ix":2,"l":2},"a":{"a":0,"k":[21.053,3.166,0],"ix":1,"l":2},"s":{"a":0,"k":[100,100,100],"ix":6,"l":2}},"ao":0,"shapes":[{"ty":"gr","it":[{"ind":0,"ty":"sh","ix":1,"ks":{"a":0,"k":{"i":[[-23.036,-2.357],[0,0],[0,0]],"o":[[0,0],[0,0],[0,0]],"v":[[11.483,-2.309],[11.553,4.666],[-7.077,4.666]],"c":true},"ix":2},"nm":"Path 1","mn":"ADBE Vector Shape - Group","hd":false},{"ty":"fl","c":{"a":0,"k":[0.396078431373,0.18431372549,0.066666666667,1],"ix":4},"o":{"a":0,"k":100,"ix":5},"r":1,"bm":0,"nm":"Fill 1","mn":"ADBE Vector Graphic - Fill","hd":false},{"ty":"tr","p":{"a":0,"k":[11.803,4.916],"ix":2},"a":{"a":0,"k":[0,0],"ix":1},"s":{"a":0,"k":[100,100],"ix":3},"r":{"a":0,"k":0,"ix":6},"o":{"a":0,"k":100,"ix":7},"sk":{"a":0,"k":0,"ix":4},"sa":{"a":0,"k":0,"ix":5},"nm":"Transform"}],"nm":"Group 1","np":2,"cix":2,"bm":0,"ix":1,"mn":"ADBE Vector Group","hd":false}],"ip":0,"op":300.00001221925,"st":0,"bm":0},{"ddd":0,"ind":11,"ty":4,"nm":"left lower leg Outlines","sr":1,"ks":{"o":{"a":0,"k":100,"ix":11},"r":{"a":1,"k":[{"i":{"x":[0.667],"y":[1]},"o":{"x":[0.333],"y":[0]},"t":0,"s":[0]},{"i":{"x":[0.667],"y":[1]},"o":{"x":[0.333],"y":[0]},"t":5,"s":[18]},{"i":{"x":[0.667],"y":[1]},"o":{"x":[0.333],"y":[0]},"t":11,"s":[28]},{"i":{"x":[0.667],"y":[1]},"o":{"x":[0.333],"y":[0]},"t":17,"s":[-37]},{"i":{"x":[0.667],"y":[1]},"o":{"x":[0.333],"y":[0]},"t":25,"s":[0]},{"i":{"x":[0.667],"y":[1]},"o":{"x":[0.333],"y":[0]},"t":40,"s":[-29]},{"t":45.0000018328876,"s":[0]}],"ix":10},"p":{"a":1,"k":[{"i":{"x":0.667,"y":1},"o":{"x":0.333,"y":0},"t":0,"s":[498.357,633.196,0],"to":[-2.542,-3.021,0],"ti":[2.562,4.729,0]},{"i":{"x":0.667,"y":1},"o":{"x":0.333,"y":0},"t":5,"s":[483.107,615.071,0],"to":[-2.562,-4.729,0],"ti":[-1.021,-0.333,0]},{"i":{"x":0.667,"y":1},"o":{"x":0.333,"y":0},"t":11,"s":[482.982,604.821,0],"to":[0.583,0.19,0],"ti":[-1.627,-3.548,0]},{"i":{"x":0.667,"y":1},"o":{"x":0.333,"y":0},"t":15,"s":[488.093,612.9,0],"to":[1.222,2.666,0],"ti":[0.259,0.822,0]},{"i":{"x":0.667,"y":1},"o":{"x":0.333,"y":0},"t":17,"s":[489.232,617.071,0],"to":[-0.604,-1.917,0],"ti":[4.208,7.521,0]},{"i":{"x":0.667,"y":1},"o":{"x":0.333,"y":0},"t":25,"s":[479.357,593.321,0],"to":[-4.208,-7.521,0],"ti":[1.188,1.521,0]},{"i":{"x":0.667,"y":1},"o":{"x":0.333,"y":0},"t":30,"s":[463.982,571.946,0],"to":[-0.744,-0.953,0],"ti":[-2.445,-3.527,0]},{"i":{"x":0.667,"y":1},"o":{"x":0.333,"y":0},"t":32,"s":[469.281,576.4,0],"to":[1.455,2.099,0],"ti":[-1.741,-3.016,0]},{"i":{"x":0.667,"y":1},"o":{"x":0.333,"y":0},"t":35,"s":[474.232,586.196,0],"to":[4.667,8.083,0],"ti":[-4.021,-7.833,0]},{"i":{"x":0.667,"y":1},"o":{"x":0.333,"y":0},"t":40,"s":[491.982,620.446,0],"to":[4.021,7.833,0],"ti":[-1.062,-2.125,0]},{"t":45.0000018328876,"s":[498.357,633.196,0]}],"ix":2,"l":2},"a":{"a":0,"k":[4.5,15,0],"ix":1,"l":2},"s":{"a":0,"k":[100,100,100],"ix":6,"l":2}},"ao":0,"shapes":[{"ty":"gr","it":[{"ind":0,"ty":"sh","ix":1,"ks":{"a":1,"k":[{"i":{"x":0.667,"y":1},"o":{"x":0.333,"y":0},"t":0,"s":[{"i":[[0,0],[0,0],[0,0]],"o":[[0,0],[0,0],[0,0]],"v":[[4.5,4.5],[4.5,6.477],[4.5,25.5]],"c":false}]},{"i":{"x":0.667,"y":1},"o":{"x":0.333,"y":0},"t":5,"s":[{"i":[[0,0],[-0.295,-3.326],[0,0]],"o":[[0,0],[-1.14,4.975],[0,0]],"v":[[4.5,4.5],[4.5,8.48],[4.5,25.5]],"c":false}]},{"i":{"x":0.833,"y":0.833},"o":{"x":0.333,"y":0},"t":11,"s":[{"i":[[0,0],[0,0],[0,0]],"o":[[0,0],[0,0],[0,0]],"v":[[4.5,4.5],[4.5,6.477],[4.5,25.5]],"c":false}]},{"i":{"x":0.667,"y":1},"o":{"x":0.167,"y":0.167},"t":12,"s":[{"i":[[0,0],[-0.028,-0.09],[0,0]],"o":[[0,0.049],[0.234,0.761],[0,0]],"v":[[4.75,4.084],[4.274,7.489],[4.183,25.644]],"c":false}]},{"i":{"x":0.667,"y":1},"o":{"x":0.333,"y":0},"t":17,"s":[{"i":[[0,0],[-0.373,-1.209],[0,0]],"o":[[0,0.659],[3.166,10.271],[0,0]],"v":[[5.661,10.853],[5.661,12.83],[0.221,27.44]],"c":false}]},{"i":{"x":0.667,"y":1},"o":{"x":0.333,"y":0},"t":25,"s":[{"i":[[0,0],[0,0],[0,0]],"o":[[0,0],[0,0],[0,0]],"v":[[4.5,4.5],[4.5,6.477],[4.5,25.5]],"c":false}]},{"i":{"x":0.833,"y":0.833},"o":{"x":0.333,"y":0},"t":30,"s":[{"i":[[0,0],[0,0],[0,0]],"o":[[0,0],[0,0],[0,0]],"v":[[6,4.875],[3.187,14.477],[4.5,23.75]],"c":false}]},{"i":{"x":0.833,"y":0.833},"o":{"x":0.167,"y":0.167},"t":32,"s":[{"i":[[0,0],[0,0],[0,0]],"o":[[0,0],[0,0],[0,0]],"v":[[5.227,2.656],[3.484,14.115],[4.424,23.803]],"c":false}]},{"i":{"x":0.833,"y":0.833},"o":{"x":0.167,"y":0.167},"t":34,"s":[{"i":[[0,0],[0,0],[0,0]],"o":[[0,0],[0,0],[0,0]],"v":[[7.627,2.571],[4.376,13.026],[4.197,23.964]],"c":false}]},{"i":{"x":0.833,"y":0.833},"o":{"x":0.167,"y":0.167},"t":40,"s":[{"i":[[0,0],[0,0],[0,0]],"o":[[0,0],[0,0],[0,0]],"v":[[9.443,4.179],[7.05,9.759],[3.516,24.445]],"c":false}]},{"i":{"x":0.667,"y":1},"o":{"x":0.167,"y":0.167},"t":42,"s":[{"i":[[0,0],[0,0],[0,0]],"o":[[0,0],[0,0],[0,0]],"v":[[8.02,3.967],[6.889,8.037],[4.5,25.318]],"c":false}]},{"t":45.0000018328876,"s":[{"i":[[0,0],[0,0],[0,0]],"o":[[0,0],[0,0],[0,0]],"v":[[4.5,4.5],[4.5,6.477],[4.5,25.5]],"c":false}]}],"ix":2},"nm":"Path 1","mn":"ADBE Vector Shape - Group","hd":false},{"ty":"st","c":{"a":0,"k":[0.85882358925,0.85882358925,0.85882358925,1],"ix":3},"o":{"a":0,"k":100,"ix":4},"w":{"a":0,"k":9,"ix":5},"lc":1,"lj":1,"ml":10,"bm":0,"nm":"Stroke 1","mn":"ADBE Vector Graphic - Stroke","hd":false},{"ty":"tr","p":{"a":0,"k":[0,0],"ix":2},"a":{"a":0,"k":[0,0],"ix":1},"s":{"a":0,"k":[100,100],"ix":3},"r":{"a":0,"k":0,"ix":6},"o":{"a":0,"k":100,"ix":7},"sk":{"a":0,"k":0,"ix":4},"sa":{"a":0,"k":0,"ix":5},"nm":"Transform"}],"nm":"Group 1","np":2,"cix":2,"bm":0,"ix":1,"mn":"ADBE Vector Group","hd":false}],"ip":0,"op":300.00001221925,"st":0,"bm":0},{"ddd":0,"ind":12,"ty":4,"nm":"left uper leg Outlines","sr":1,"ks":{"o":{"a":0,"k":100,"ix":11},"r":{"a":1,"k":[{"i":{"x":[0.667],"y":[1]},"o":{"x":[0.333],"y":[0]},"t":0,"s":[0]},{"i":{"x":[0.667],"y":[1]},"o":{"x":[0.333],"y":[0]},"t":5,"s":[19]},{"i":{"x":[0.667],"y":[1]},"o":{"x":[0.333],"y":[0]},"t":11,"s":[34]},{"i":{"x":[0.667],"y":[1]},"o":{"x":[0.333],"y":[0]},"t":25,"s":[0]},{"i":{"x":[0.667],"y":[1]},"o":{"x":[0.333],"y":[0]},"t":30,"s":[14]},{"t":45.0000018328876,"s":[0]}],"ix":10},"p":{"a":1,"k":[{"i":{"x":0.667,"y":1},"o":{"x":0.333,"y":0},"t":0,"s":[498.482,614.607,0],"to":[-0.208,-0.062,0],"ti":[0.067,0.147,0]},{"i":{"x":0.667,"y":1},"o":{"x":0.333,"y":0},"t":5,"s":[490.357,597.857,0],"to":[-0.096,-0.212,0],"ti":[-0.161,-0.023,0]},{"i":{"x":0.667,"y":1},"o":{"x":0.333,"y":0},"t":11,"s":[490.357,592.357,0],"to":[0.083,0.012,0],"ti":[0.324,-0.228,0]},{"i":{"x":0.667,"y":1},"o":{"x":0.333,"y":0},"t":17,"s":[489.107,609.107,0],"to":[-0.099,0.07,0],"ti":[0.125,0.187,0]},{"i":{"x":0.667,"y":1},"o":{"x":0.333,"y":0},"t":25,"s":[479.857,573.857,0],"to":[-0.104,-0.156,0],"ti":[0.062,0.104,0]},{"i":{"x":0.667,"y":1},"o":{"x":0.333,"y":0},"t":30,"s":[468.107,552.107,0],"to":[-0.116,-0.193,0],"ti":[0,-0.312,0]},{"i":{"x":0.667,"y":1},"o":{"x":0.333,"y":0},"t":35,"s":[475.357,570.107,0],"to":[0,0.07,0],"ti":[-0.187,0.042,0]},{"i":{"x":0.667,"y":1},"o":{"x":0.333,"y":0},"t":40,"s":[492.107,603.857,0],"to":[0.17,-0.038,0],"ti":[0.03,-0.035,0]},{"t":45.0000018328876,"s":[498.482,614.607,0]}],"ix":2,"l":2},"a":{"a":0,"k":[4.5,13.928,0],"ix":1,"l":2},"s":{"a":0,"k":[100,100,100],"ix":6,"l":2}},"ao":0,"shapes":[{"ty":"gr","it":[{"ind":0,"ty":"sh","ix":1,"ks":{"a":1,"k":[{"i":{"x":0.667,"y":1},"o":{"x":0.333,"y":0},"t":0,"s":[{"i":[[0,0],[0,0],[0,0]],"o":[[0,0],[0,0],[0,0]],"v":[[4.5,4.5],[4.5,19.905],[4.5,23.357]],"c":false}]},{"i":{"x":0.667,"y":1},"o":{"x":0.333,"y":0},"t":5,"s":[{"i":[[0,0],[0,-4.569],[0,0]],"o":[[0,0],[0,1.717],[0,0]],"v":[[4.5,4.5],[2.956,17.945],[2.727,23.967]],"c":false}]},{"i":{"x":0.667,"y":1},"o":{"x":0.333,"y":0},"t":11,"s":[{"i":[[0,0],[0,0],[0,0]],"o":[[0,0],[0,0],[0,0]],"v":[[4.5,4.5],[4.5,19.905],[4.5,23.357]],"c":false}]},{"i":{"x":0.667,"y":1},"o":{"x":0.333,"y":0},"t":17,"s":[{"i":[[0,0],[-0.54,-2.473],[0,-0.767]],"o":[[0,0],[1.018,4.667],[0,0]],"v":[[4.5,4.5],[3.15,13.88],[6.833,18.768]],"c":false}]},{"i":{"x":0.667,"y":1},"o":{"x":0.333,"y":0},"t":25,"s":[{"i":[[0,0],[0,0],[0,0]],"o":[[0,0],[0,0],[0,0]],"v":[[4.5,4.5],[4.5,19.905],[4.5,23.357]],"c":false}]},{"i":{"x":0.667,"y":1},"o":{"x":0.333,"y":0},"t":30,"s":[{"i":[[0,0],[0,0],[0,0]],"o":[[0,0],[0,0],[0,0]],"v":[[4.5,4.5],[2.136,19.206],[4.5,23.357]],"c":false}]},{"t":45.0000018328876,"s":[{"i":[[0,0],[0,0],[0,0]],"o":[[0,0],[0,0],[0,0]],"v":[[4.5,4.5],[4.5,19.905],[4.5,23.357]],"c":false}]}],"ix":2},"nm":"Path 1","mn":"ADBE Vector Shape - Group","hd":false},{"ty":"st","c":{"a":0,"k":[0.854902020623,0.082352941176,0.101960791794,1],"ix":3},"o":{"a":0,"k":100,"ix":4},"w":{"a":0,"k":9,"ix":5},"lc":2,"lj":1,"ml":10,"bm":0,"nm":"Stroke 1","mn":"ADBE Vector Graphic - Stroke","hd":false},{"ty":"tr","p":{"a":0,"k":[0,0],"ix":2},"a":{"a":0,"k":[0,0],"ix":1},"s":{"a":0,"k":[100,100],"ix":3},"r":{"a":0,"k":0,"ix":6},"o":{"a":0,"k":100,"ix":7},"sk":{"a":0,"k":0,"ix":4},"sa":{"a":0,"k":0,"ix":5},"nm":"Transform"}],"nm":"Group 1","np":2,"cix":2,"bm":0,"ix":1,"mn":"ADBE Vector Group","hd":false}],"ip":0,"op":300.00001221925,"st":0,"bm":0},{"ddd":0,"ind":13,"ty":4,"nm":"hand 1 Outlines","sr":1,"ks":{"o":{"a":0,"k":100,"ix":11},"r":{"a":1,"k":[{"i":{"x":[0.667],"y":[1]},"o":{"x":[0.333],"y":[0]},"t":0,"s":[0]},{"i":{"x":[0.667],"y":[1]},"o":{"x":[0.333],"y":[0]},"t":11,"s":[30]},{"i":{"x":[0.667],"y":[1]},"o":{"x":[0.333],"y":[0]},"t":17,"s":[0]},{"i":{"x":[0.667],"y":[1]},"o":{"x":[0.333],"y":[0]},"t":22,"s":[-10]},{"i":{"x":[0.667],"y":[1]},"o":{"x":[0.333],"y":[0]},"t":25,"s":[-6]},{"i":{"x":[0.667],"y":[1]},"o":{"x":[0.333],"y":[0]},"t":30,"s":[2]},{"t":45.0000018328876,"s":[0]}],"ix":10},"p":{"a":1,"k":[{"i":{"x":0.667,"y":1},"o":{"x":0.333,"y":0},"t":0,"s":[595.097,558.339,0],"to":[3,5.25,0],"ti":[-0.119,-0.493,0]},{"i":{"x":0.667,"y":1},"o":{"x":0.333,"y":0},"t":11,"s":[613.097,589.839,0],"to":[0.202,0.839,0],"ti":[0.136,0.233,0]},{"i":{"x":0.667,"y":1},"o":{"x":0.333,"y":0},"t":17,"s":[595.597,574.839,0],"to":[-0.198,-0.34,0],"ti":[0.173,0.702,0]},{"i":{"x":0.667,"y":1},"o":{"x":0.333,"y":0},"t":22,"s":[585.597,557.339,0],"to":[-0.028,-0.114,0],"ti":[0.014,-0.466,0]},{"i":{"x":0.667,"y":1},"o":{"x":0.333,"y":0},"t":25,"s":[573.597,542.839,0],"to":[-0.017,0.59,0],"ti":[-0.006,-0.208,0]},{"i":{"x":0.667,"y":1},"o":{"x":0.333,"y":0},"t":30,"s":[564.097,547.339,0],"to":[0.011,0.375,0],"ti":[0.525,0.212,0]},{"i":{"x":0.667,"y":1},"o":{"x":0.333,"y":0},"t":35,"s":[568.597,560.839,0],"to":[-0.317,-0.128,0],"ti":[0.038,-0.168,0]},{"i":{"x":0.667,"y":1},"o":{"x":0.333,"y":0},"t":40,"s":[594.597,565.839,0],"to":[-0.086,0.385,0],"ti":[-0.333,1.167,0]},{"t":45.0000018328876,"s":[596.597,558.839,0]}],"ix":2,"l":2},"a":{"a":0,"k":[15.882,146.018,0],"ix":1,"l":2},"s":{"a":0,"k":[100,100,100],"ix":6,"l":2}},"ao":0,"shapes":[{"ty":"gr","it":[{"ind":0,"ty":"sh","ix":1,"ks":{"a":0,"k":{"i":[[70.857,95.143],[0,0]],"o":[[0,0],[0,0]],"v":[[-28.635,-49.845],[-42.222,49.845]],"c":true},"ix":2},"nm":"Path 1","mn":"ADBE Vector Shape - Group","hd":false},{"ty":"fl","c":{"a":0,"k":[0.854902020623,0.082352941176,0.101960791794,1],"ix":4},"o":{"a":0,"k":100,"ix":5},"r":1,"bm":0,"nm":"Fill 1","mn":"ADBE Vector Graphic - Fill","hd":false},{"ty":"tr","p":{"a":0,"k":[55.292,142.942],"ix":2},"a":{"a":0,"k":[0,0],"ix":1},"s":{"a":0,"k":[100,100],"ix":3},"r":{"a":0,"k":0,"ix":6},"o":{"a":0,"k":100,"ix":7},"sk":{"a":0,"k":0,"ix":4},"sa":{"a":0,"k":0,"ix":5},"nm":"Transform"}],"nm":"Group 1","np":2,"cix":2,"bm":0,"ix":1,"mn":"ADBE Vector Group","hd":false},{"ty":"gr","it":[{"ind":0,"ty":"sh","ix":1,"ks":{"a":0,"k":{"i":[[-2.694,3.633],[-14.143,7],[9.714,-0.286],[3.484,4.622],[0.07,0.173]],"o":[[0,0],[0,0],[0,0],[-0.113,-0.149],[-0.425,-1.053]],"v":[[-10.863,-6.559],[11.271,-4.134],[3.844,5.866],[-11.146,1.937],[-11.417,1.453]],"c":true},"ix":2},"nm":"Path 1","mn":"ADBE Vector Shape - Group","hd":false},{"ty":"fl","c":{"a":0,"k":[0.694117647059,0.694117647059,0.694117647059,1],"ix":4},"o":{"a":0,"k":100,"ix":5},"r":1,"bm":0,"nm":"Fill 1","mn":"ADBE Vector Graphic - Fill","hd":false},{"ty":"tr","p":{"a":0,"k":[30.491,35.436],"ix":2},"a":{"a":0,"k":[0,0],"ix":1},"s":{"a":0,"k":[100,100],"ix":3},"r":{"a":0,"k":0,"ix":6},"o":{"a":0,"k":100,"ix":7},"sk":{"a":0,"k":0,"ix":4},"sa":{"a":0,"k":0,"ix":5},"nm":"Transform"}],"nm":"Group 2","np":2,"cix":2,"bm":0,"ix":2,"mn":"ADBE Vector Group","hd":false},{"ty":"gr","it":[{"ind":0,"ty":"sh","ix":1,"ks":{"a":0,"k":{"i":[[0,-6.864],[6.865,0],[0,6.864],[-6.864,0]],"o":[[0,6.864],[-6.864,0],[0,-6.864],[6.865,0]],"v":[[12.429,0],[0,12.429],[-12.429,0],[0,-12.429]],"c":true},"ix":2},"nm":"Path 1","mn":"ADBE Vector Shape - Group","hd":false},{"ty":"fl","c":{"a":0,"k":[1,1,1,1],"ix":4},"o":{"a":0,"k":100,"ix":5},"r":1,"bm":0,"nm":"Fill 1","mn":"ADBE Vector Graphic - Fill","hd":false},{"ty":"tr","p":{"a":0,"k":[31.928,17.679],"ix":2},"a":{"a":0,"k":[0,0],"ix":1},"s":{"a":0,"k":[100,100],"ix":3},"r":{"a":0,"k":0,"ix":6},"o":{"a":0,"k":100,"ix":7},"sk":{"a":0,"k":0,"ix":4},"sa":{"a":0,"k":0,"ix":5},"nm":"Transform"}],"nm":"Group 3","np":2,"cix":2,"bm":0,"ix":3,"mn":"ADBE Vector Group","hd":false},{"ty":"gr","it":[{"ind":0,"ty":"sh","ix":1,"ks":{"a":0,"k":{"i":[[0,-9.626],[9.626,0],[0,9.626],[-9.625,0]],"o":[[0,9.626],[-9.625,0],[0,-9.626],[9.626,0]],"v":[[17.429,0],[0,17.429],[-17.429,0],[0,-17.429]],"c":true},"ix":2},"nm":"Path 1","mn":"ADBE Vector Shape - Group","hd":false},{"ty":"fl","c":{"a":0,"k":[0.854902020623,0.082352941176,0.101960791794,1],"ix":4},"o":{"a":0,"k":100,"ix":5},"r":1,"bm":0,"nm":"Fill 1","mn":"ADBE Vector Graphic - Fill","hd":false},{"ty":"tr","p":{"a":0,"k":[31.928,17.679],"ix":2},"a":{"a":0,"k":[0,0],"ix":1},"s":{"a":0,"k":[100,100],"ix":3},"r":{"a":0,"k":0,"ix":6},"o":{"a":0,"k":100,"ix":7},"sk":{"a":0,"k":0,"ix":4},"sa":{"a":0,"k":0,"ix":5},"nm":"Transform"}],"nm":"Group 4","np":2,"cix":2,"bm":0,"ix":4,"mn":"ADBE Vector Group","hd":false},{"ty":"gr","it":[{"ind":0,"ty":"sh","ix":1,"ks":{"a":0,"k":{"i":[[0,0],[0,0]],"o":[[0,0],[0,0]],"v":[[12.286,-88.143],[-12.286,88.143]],"c":false},"ix":2},"nm":"Path 1","mn":"ADBE Vector Shape - Group","hd":false},{"ty":"st","c":{"a":0,"k":[0.85882358925,0.85882358925,0.85882358925,1],"ix":3},"o":{"a":0,"k":100,"ix":4},"w":{"a":0,"k":11,"ix":5},"lc":2,"lj":1,"ml":10,"bm":0,"nm":"Stroke 1","mn":"ADBE Vector Graphic - Stroke","hd":false},{"ty":"fl","c":{"a":0,"k":[1,0.999998743394,1,1],"ix":4},"o":{"a":0,"k":100,"ix":5},"r":1,"bm":0,"nm":"Fill 1","mn":"ADBE Vector Graphic - Fill","hd":false},{"ty":"tr","p":{"a":0,"k":[17.785,119.393],"ix":2},"a":{"a":0,"k":[0,0],"ix":1},"s":{"a":0,"k":[100,100],"ix":3},"r":{"a":0,"k":0,"ix":6},"o":{"a":0,"k":100,"ix":7},"sk":{"a":0,"k":0,"ix":4},"sa":{"a":0,"k":0,"ix":5},"nm":"Transform"}],"nm":"Group 5","np":3,"cix":2,"bm":0,"ix":5,"mn":"ADBE Vector Group","hd":false}],"ip":0,"op":300.00001221925,"st":0,"bm":0},{"ddd":0,"ind":14,"ty":4,"nm":"right hand Outlines","sr":1,"ks":{"o":{"a":0,"k":100,"ix":11},"r":{"a":1,"k":[{"i":{"x":[0.667],"y":[1]},"o":{"x":[0.333],"y":[0]},"t":0,"s":[0]},{"t":11.0000004480392,"s":[6]}],"ix":10},"p":{"a":1,"k":[{"i":{"x":0.667,"y":1},"o":{"x":0.333,"y":0},"t":0,"s":[539.928,536.715,0],"to":[0,-1.25,0],"ti":[0,1.25,0]},{"t":11.0000004480392,"s":[539.928,529.215,0]}],"ix":2,"l":2},"a":{"a":0,"k":[7.035,25.965,0],"ix":1,"l":2},"s":{"a":0,"k":[100,100,100],"ix":6,"l":2}},"ao":0,"shapes":[{"ty":"gr","it":[{"ind":0,"ty":"sh","ix":1,"ks":{"a":1,"k":[{"i":{"x":0.667,"y":1},"o":{"x":0.333,"y":0},"t":0,"s":[{"i":[[0,0],[0,0],[0,0],[0,0],[15.429,21.857],[0,0]],"o":[[0,0],[0,0],[0,0],[0,0],[0,0],[0,0]],"v":[[-32.785,-46.715],[-11.474,-33.249],[32.785,-5.285],[23.072,46.715],[-16.215,8.715],[-30.072,-1.572]],"c":true}]},{"i":{"x":0.667,"y":1},"o":{"x":0.333,"y":0},"t":11,"s":[{"i":[[0,0],[0,0],[0,0],[0,0],[15.429,21.857],[0,0]],"o":[[0,0],[0,0],[0,0],[0,0],[0,0],[0,0]],"v":[[-32.785,-46.715],[-4.731,-24.365],[53.533,22.051],[41.332,74.312],[-16.215,8.715],[-30.072,-1.572]],"c":true}]},{"i":{"x":0.667,"y":1},"o":{"x":0.333,"y":0},"t":17,"s":[{"i":[[0,0],[0,0],[0,0],[0,0],[15.429,21.857],[0,0]],"o":[[0,0],[0,0],[0,0],[0,0],[0,0],[0,0]],"v":[[-32.785,-46.715],[-4.731,-24.365],[53.533,22.051],[36.597,62.744],[-16.215,8.714],[-30.072,-1.572]],"c":true}]},{"i":{"x":0.667,"y":1},"o":{"x":0.333,"y":0},"t":22,"s":[{"i":[[0,0],[-12.571,-5.84],[0,0],[0,0],[44.898,40.238],[0,0]],"o":[[0,0],[11.561,5.371],[0,0],[0,0],[0,0],[0,0]],"v":[[-29.254,-37.031],[4.365,-18.754],[53.533,22.051],[39.086,43.377],[-16.215,8.714],[-30.072,-1.572]],"c":true}]},{"i":{"x":0.833,"y":0.833},"o":{"x":0.333,"y":0},"t":25,"s":[{"i":[[0,0],[-12.571,-5.84],[0,0],[0,0],[24.724,15.713],[0,0]],"o":[[0,0],[11.561,5.371],[0,0],[0,0],[0,0],[0,0]],"v":[[-29.671,-50.561],[7.22,-34.639],[36.995,8.204],[23.543,29.426],[-7.709,8.323],[-31.98,-14.945]],"c":true}]},{"i":{"x":0.667,"y":1},"o":{"x":0.167,"y":0.167},"t":30,"s":[{"i":[[0,0],[-12.571,-5.84],[0,0],[0,0],[24.288,21.494],[0,0]],"o":[[0,0],[11.561,5.371],[0,0],[0,0],[0,0],[0,0]],"v":[[-29.671,-50.561],[8.99,-28.96],[38.399,7.926],[24.736,29.263],[-7.709,8.323],[-31.98,-14.945]],"c":true}]},{"i":{"x":0.667,"y":1},"o":{"x":0.333,"y":0},"t":40,"s":[{"i":[[0,0],[-12.571,-5.84],[0,0],[0,0],[23.045,38.01],[0,0]],"o":[[0,0],[11.561,5.371],[0,0],[0,0],[0,0],[0,0]],"v":[[-29.671,-50.561],[14.047,-12.733],[42.412,7.131],[34.401,51.411],[-7.709,8.323],[-31.98,-14.945]],"c":true}]},{"t":45.0000018328876,"s":[{"i":[[0,0],[-12.284,-6.423],[0,0],[0,0],[37.387,40.525],[0,0]],"o":[[0,0],[13.415,7.014],[0,0],[0,0],[0,0],[0,0]],"v":[[-29.671,-50.561],[24.201,-11.789],[48.197,-0.012],[42.331,45.55],[-7.709,8.323],[-31.98,-14.945]],"c":true}]}],"ix":2},"nm":"Path 1","mn":"ADBE Vector Shape - Group","hd":false},{"ty":"fl","c":{"a":0,"k":[0.854902020623,0.082352941176,0.101960791794,1],"ix":4},"o":{"a":0,"k":100,"ix":5},"r":1,"bm":0,"nm":"Fill 1","mn":"ADBE Vector Graphic - Fill","hd":false},{"ty":"tr","p":{"a":0,"k":[33.035,46.965],"ix":2},"a":{"a":0,"k":[0,0],"ix":1},"s":{"a":0,"k":[100,100],"ix":3},"r":{"a":0,"k":0,"ix":6},"o":{"a":0,"k":100,"ix":7},"sk":{"a":0,"k":0,"ix":4},"sa":{"a":0,"k":0,"ix":5},"nm":"Transform"}],"nm":"Group 1","np":2,"cix":2,"bm":0,"ix":1,"mn":"ADBE Vector Group","hd":false}],"ip":0,"op":300.00001221925,"st":0,"bm":0},{"ddd":0,"ind":15,"ty":4,"nm":"hand left Outlines","sr":1,"ks":{"o":{"a":0,"k":100,"ix":11},"r":{"a":1,"k":[{"i":{"x":[0.667],"y":[1]},"o":{"x":[0.333],"y":[0]},"t":0,"s":[0]},{"t":17.0000006924242,"s":[-11]}],"ix":10},"p":{"a":1,"k":[{"i":{"x":0.667,"y":0.667},"o":{"x":0.333,"y":0.333},"t":0,"s":[490.335,507.789,0],"to":[0,0,0],"ti":[0,0,0]},{"t":17.0000006924242,"s":[490.335,507.789,0]}],"ix":2,"l":2},"a":{"a":0,"k":[101.546,4.141,0],"ix":1,"l":2},"s":{"a":0,"k":[100,100,100],"ix":6,"l":2}},"ao":0,"shapes":[{"ty":"gr","it":[{"ind":0,"ty":"sh","ix":1,"ks":{"a":1,"k":[{"i":{"x":0.667,"y":1},"o":{"x":0.333,"y":0},"t":0,"s":[{"i":[[0,0],[0,0],[0,0],[0,0],[0,0],[0,0]],"o":[[0,0],[0,0],[0,0],[0,0],[0,0],[0,0]],"v":[[32.182,-60.891],[-6.307,-14.4],[-53.296,42.358],[10.273,60.891],[23.583,24.397],[53.296,-57.073]],"c":true}]},{"i":{"x":0.667,"y":1},"o":{"x":0.333,"y":0},"t":2,"s":[{"i":[[0,0],[14.472,-14.889],[0,0],[0,0],[0,0],[0,0]],"o":[[0,0],[-12.052,12.399],[0,0],[0,0],[0,0],[0,0]],"v":[[32.182,-60.891],[-9.307,-12.4],[-60.296,31.858],[1.273,58.891],[17.367,23.016],[53.296,-57.073]],"c":true}]},{"i":{"x":0.667,"y":1},"o":{"x":0.333,"y":0},"t":4,"s":[{"i":[[0,0],[19.972,-5.389],[0,0],[0,0],[0,0],[0,0]],"o":[[0,0],[-16.694,4.505],[0,0],[0,0],[0,0],[0,0]],"v":[[37.182,-56.891],[-8.807,-33.9],[-66.296,-19.642],[-24.227,29.391],[0.22,7.746],[54.796,-40.573]],"c":true}]},{"i":{"x":0.667,"y":1},"o":{"x":0.333,"y":0},"t":6,"s":[{"i":[[0,0],[20.659,1.079],[0,0],[0,0],[0,0],[0,0]],"o":[[0,0],[-17.028,-0.889],[0,0],[0,0],[0,0],[0,0]],"v":[[37.182,-56.891],[-12.807,-54.9],[-55.296,-58.142],[-30.227,1.891],[-3.923,-11.246],[54.796,-40.573]],"c":true}]},{"i":{"x":0.667,"y":1},"o":{"x":0.333,"y":0},"t":8,"s":[{"i":[[0,0],[22.972,5.111],[0,0],[0,0],[0,0],[0,0]],"o":[[0,0],[-16.644,-3.703],[0,0],[0,0],[0,0],[0,0]],"v":[[48.682,-61.891],[-5.307,-66.4],[-46.296,-77.642],[-30.727,-10.109],[-4.269,-19.534],[54.796,-40.573]],"c":true}]},{"i":{"x":0.667,"y":1},"o":{"x":0.333,"y":0},"t":11,"s":[{"i":[[0,0],[22.472,-1.889],[0,0],[0,0],[0,0],[0,0]],"o":[[0,0],[-22.452,1.888],[0,0],[0,0],[0,0],[0,0]],"v":[[68.182,-69.891],[6.693,-52.9],[-41.296,-58.642],[-19.727,4.891],[3.328,-9.174],[54.796,-40.573]],"c":true}]},{"i":{"x":0.667,"y":1},"o":{"x":0.333,"y":0},"t":17,"s":[{"i":[[0,0],[0,0],[0,0],[0,0],[0,0],[0,0]],"o":[[0,0],[0,0],[0,0],[0,0],[0,0],[0,0]],"v":[[32.182,-60.891],[-6.307,-14.4],[-45.484,36.236],[10.274,60.891],[23.583,24.397],[53.296,-57.073]],"c":true}]},{"i":{"x":0.667,"y":1},"o":{"x":0.333,"y":0},"t":22,"s":[{"i":[[0,0],[30.123,-3.791],[0,0],[0,0],[-12.442,12.156],[0,0]],"o":[[0,0],[-21.55,2.712],[0,0],[0,0],[21.186,-20.7],[0,0]],"v":[[32.182,-60.891],[-31.885,-29.559],[-84.41,0.655],[-47.588,41.494],[-15.267,4.563],[53.296,-57.073]],"c":true}]},{"i":{"x":0.667,"y":1},"o":{"x":0.333,"y":0},"t":25,"s":[{"i":[[0,0],[13.573,18.46],[0,0],[0,0],[-22.662,-26.667],[0,0]],"o":[[0,0],[-9.365,-12.737],[0,0],[0,0],[17.844,20.998],[0,0]],"v":[[40.785,-47.503],[1.143,-123.482],[-29.64,-152.712],[-64.285,-108.447],[-10.786,-73.517],[35.492,-30.991]],"c":true}]},{"i":{"x":0.667,"y":1},"o":{"x":0.333,"y":0},"t":30,"s":[{"i":[[0,0],[-4.75,21.011],[0,0],[0,0],[-3.274,-34.842],[0,0]],"o":[[0,0],[3.486,-15.42],[0,0],[0,0],[2.165,23.044],[0,0]],"v":[[55.781,-67],[56.303,-150.453],[62.93,-188.711],[-1.875,-172.719],[16.792,-105.339],[28.742,-46.056]],"c":true}]},{"i":{"x":0.667,"y":1},"o":{"x":0.333,"y":0},"t":35,"s":[{"i":[[0,0],[-11.212,22.811],[0,0],[0,0],[0.848,-34.985],[0,0]],"o":[[0,0],[6.974,-14.188],[0,0],[0,0],[-0.656,27.079],[0,0]],"v":[[55.781,-67],[25.467,-104.492],[59.388,-136.426],[4.712,-151.574],[-15.546,-101.438],[35.477,-51.877]],"c":true}]},{"i":{"x":0.667,"y":1},"o":{"x":0.333,"y":0},"t":40,"s":[{"i":[[0,0],[21.895,12.909],[0,0],[0,0],[-5.397,-9.033],[0,0]],"o":[[0,0],[-17.963,-10.591],[0,0],[0,0],[27.689,46.342],[0,0]],"v":[[55.781,-67],[4.679,-49.957],[13.377,-104.111],[-37.263,-98.1],[-43.682,-45.784],[52.056,-32.355]],"c":true}]},{"i":{"x":0.667,"y":1},"o":{"x":0.333,"y":0},"t":45,"s":[{"i":[[0,0],[46.36,-11.331],[0,0],[0,0],[-8.673,5.959],[0,0]],"o":[[0,0],[-18.539,4.531],[0,0],[0,0],[18.251,-12.541],[0,0]],"v":[[44.492,-69.195],[-19.151,-32.177],[-65.244,-45.537],[-54.025,11.719],[-13.862,10.439],[52.056,-32.355]],"c":true}]},{"t":50.0000020365418,"s":[{"i":[[0,0],[32.821,-30.772],[0,0],[0,0],[-7.447,7.435],[0,0]],"o":[[0,0],[-13.922,13.053],[0,0],[0,0],[15.197,-15.172],[0,0]],"v":[[38.916,-66.713],[-11.434,-19.471],[-64.272,25.453],[-8.705,51.09],[25.593,-1.247],[52.056,-32.355]],"c":true}]}],"ix":2},"nm":"Path 1","mn":"ADBE Vector Shape - Group","hd":false},{"ty":"fl","c":{"a":0,"k":[0.854901960784,0.080461359959,0.102908916099,1],"ix":4},"o":{"a":0,"k":100,"ix":5},"r":1,"bm":0,"nm":"Fill 1","mn":"ADBE Vector Graphic - Fill","hd":false},{"ty":"tr","p":{"a":0,"k":[53.545,61.141],"ix":2},"a":{"a":0,"k":[0,0],"ix":1},"s":{"a":0,"k":[100,100],"ix":3},"r":{"a":0,"k":0,"ix":6},"o":{"a":0,"k":100,"ix":7},"sk":{"a":0,"k":0,"ix":4},"sa":{"a":0,"k":0,"ix":5},"nm":"Transform"}],"nm":"Group 1","np":2,"cix":2,"bm":0,"ix":1,"mn":"ADBE Vector Group","hd":false}],"ip":0,"op":300.00001221925,"st":0,"bm":0},{"ddd":0,"ind":16,"ty":4,"nm":"wave 3 Outlines","sr":1,"ks":{"o":{"a":0,"k":100,"ix":11},"r":{"a":0,"k":0,"ix":10},"p":{"a":1,"k":[{"i":{"x":0.667,"y":1},"o":{"x":0.333,"y":0},"t":0,"s":[480.5,424.5,0],"to":[6,-0.833,0],"ti":[-6,0.833,0]},{"t":4.00000016292334,"s":[516.5,419.5,0]}],"ix":2,"l":2},"a":{"a":0,"k":[63.643,1.5,0],"ix":1,"l":2},"s":{"a":0,"k":[100,100,100],"ix":6,"l":2}},"ao":0,"shapes":[{"ty":"gr","it":[{"ind":0,"ty":"sh","ix":1,"ks":{"a":1,"k":[{"i":{"x":0.667,"y":1},"o":{"x":0.333,"y":0},"t":0,"s":[{"i":[[0,0],[0,0],[0,0]],"o":[[0,0],[0,0],[0,0]],"v":[[1.5,1.5],[65.143,1.5],[125.786,1.5]],"c":false}]},{"i":{"x":0.667,"y":1},"o":{"x":0.333,"y":0},"t":4,"s":[{"i":[[0,0],[-20.968,-1.833],[0,0]],"o":[[0,0],[45.75,4],[0,0]],"v":[[1.5,1.5],[64.643,6.5],[114.286,-15.25]],"c":false}]},{"i":{"x":0.667,"y":1},"o":{"x":0.333,"y":0},"t":7,"s":[{"i":[[0,0],[-21,-1.411],[0,0]],"o":[[0,0],[63.25,4.25],[0,0]],"v":[[1.5,1.5],[64.643,6.5],[112.786,-41.25]],"c":false}]},{"t":13.0000005295009,"s":[{"i":[[0,0],[-19.944,6.727],[0,0]],"o":[[0,0],[126,-42.5],[0,0]],"v":[[1.5,1.5],[64.643,6.5],[88.286,-57.5]],"c":false}]}],"ix":2},"nm":"Path 1","mn":"ADBE Vector Shape - Group","hd":false},{"ty":"st","c":{"a":0,"k":[0.737254901961,0.702560544481,0.702560544481,1],"ix":3},"o":{"a":0,"k":100,"ix":4},"w":{"a":0,"k":3,"ix":5},"lc":2,"lj":1,"ml":10,"bm":0,"nm":"Stroke 1","mn":"ADBE Vector Graphic - Stroke","hd":false},{"ty":"tr","p":{"a":0,"k":[0,0],"ix":2},"a":{"a":0,"k":[0,0],"ix":1},"s":{"a":0,"k":[100,100],"ix":3},"r":{"a":0,"k":0,"ix":6},"o":{"a":0,"k":100,"ix":7},"sk":{"a":0,"k":0,"ix":4},"sa":{"a":0,"k":0,"ix":5},"nm":"Transform"}],"nm":"Group 1","np":2,"cix":2,"bm":0,"ix":1,"mn":"ADBE Vector Group","hd":false},{"ty":"tm","s":{"a":1,"k":[{"i":{"x":[0.667],"y":[1]},"o":{"x":[0.333],"y":[0]},"t":0,"s":[0]},{"i":{"x":[0.667],"y":[1]},"o":{"x":[0.333],"y":[0]},"t":7,"s":[71]},{"i":{"x":[0.667],"y":[1]},"o":{"x":[0.333],"y":[0]},"t":13,"s":[92]},{"t":17.0000006924242,"s":[100]}],"ix":1},"e":{"a":0,"k":100,"ix":2},"o":{"a":0,"k":0,"ix":3},"m":1,"ix":2,"nm":"Trim Paths 1","mn":"ADBE Vector Filter - Trim","hd":false}],"ip":0,"op":300.00001221925,"st":0,"bm":0},{"ddd":0,"ind":17,"ty":4,"nm":"wave 2 Outlines","sr":1,"ks":{"o":{"a":0,"k":100,"ix":11},"r":{"a":0,"k":0,"ix":10},"p":{"a":1,"k":[{"i":{"x":0.667,"y":1},"o":{"x":0.333,"y":0},"t":0,"s":[503.857,432.857,0],"to":[9.458,-0.042,0],"ti":[-14.458,0,0]},{"i":{"x":0.667,"y":1},"o":{"x":0.333,"y":0},"t":9,"s":[560.607,432.607,0],"to":[14.458,0,0],"ti":[-7.125,-0.042,0]},{"i":{"x":0.667,"y":1},"o":{"x":0.333,"y":0},"t":14,"s":[590.607,432.857,0],"to":[7.125,0.042,0],"ti":[-2.125,0,0]},{"t":19.0000007738859,"s":[603.357,432.857,0]}],"ix":2,"l":2},"a":{"a":0,"k":[63.643,1.5,0],"ix":1,"l":2},"s":{"a":0,"k":[100,100,100],"ix":6,"l":2}},"ao":0,"shapes":[{"ty":"gr","it":[{"ind":0,"ty":"sh","ix":1,"ks":{"a":0,"k":{"i":[[0,0],[0,0]],"o":[[0,0],[0,0]],"v":[[1.5,1.5],[125.786,1.5]],"c":false},"ix":2},"nm":"Path 1","mn":"ADBE Vector Shape - Group","hd":false},{"ty":"st","c":{"a":0,"k":[0.737254901961,0.702560544481,0.702560544481,1],"ix":3},"o":{"a":0,"k":100,"ix":4},"w":{"a":0,"k":3,"ix":5},"lc":2,"lj":1,"ml":10,"bm":0,"nm":"Stroke 1","mn":"ADBE Vector Graphic - Stroke","hd":false},{"ty":"tr","p":{"a":0,"k":[0,0],"ix":2},"a":{"a":0,"k":[0,0],"ix":1},"s":{"a":0,"k":[100,100],"ix":3},"r":{"a":0,"k":0,"ix":6},"o":{"a":0,"k":100,"ix":7},"sk":{"a":0,"k":0,"ix":4},"sa":{"a":0,"k":0,"ix":5},"nm":"Transform"}],"nm":"Group 1","np":2,"cix":2,"bm":0,"ix":1,"mn":"ADBE Vector Group","hd":false},{"ty":"tm","s":{"a":1,"k":[{"i":{"x":[0.667],"y":[1]},"o":{"x":[0.333],"y":[0]},"t":0,"s":[0]},{"i":{"x":[0.667],"y":[1]},"o":{"x":[0.333],"y":[0]},"t":6,"s":[48]},{"i":{"x":[0.667],"y":[1]},"o":{"x":[0.333],"y":[0]},"t":14,"s":[79]},{"i":{"x":[0.667],"y":[1]},"o":{"x":[0.333],"y":[0]},"t":19,"s":[93]},{"t":23.0000009368092,"s":[100]}],"ix":1},"e":{"a":0,"k":100,"ix":2},"o":{"a":0,"k":0,"ix":3},"m":1,"ix":2,"nm":"Trim Paths 1","mn":"ADBE Vector Filter - Trim","hd":false}],"ip":0,"op":300.00001221925,"st":0,"bm":0},{"ddd":0,"ind":18,"ty":4,"nm":"wave 1 Outlines","sr":1,"ks":{"o":{"a":0,"k":100,"ix":11},"r":{"a":0,"k":0,"ix":10},"p":{"a":1,"k":[{"i":{"x":0.667,"y":1},"o":{"x":0.333,"y":0},"t":0,"s":[477.857,443.881,0],"to":[10.583,-0.333,0],"ti":[-13.75,0.125,0]},{"i":{"x":0.667,"y":1},"o":{"x":0.333,"y":0},"t":6,"s":[541.357,441.881,0],"to":[13.75,-0.125,0],"ti":[-10.167,-0.708,0]},{"i":{"x":0.667,"y":1},"o":{"x":0.333,"y":0},"t":8,"s":[560.357,443.131,0],"to":[10.167,0.708,0],"ti":[-7,-0.5,0]},{"t":11.0000004480392,"s":[602.357,446.131,0]}],"ix":2,"l":2},"a":{"a":0,"k":[63.643,1.5,0],"ix":1,"l":2},"s":{"a":0,"k":[100,100,100],"ix":6,"l":2}},"ao":0,"shapes":[{"ty":"gr","it":[{"ind":0,"ty":"sh","ix":1,"ks":{"a":1,"k":[{"i":{"x":0.667,"y":1},"o":{"x":0.333,"y":0},"t":0,"s":[{"i":[[0,0],[0,0],[0,0]],"o":[[0,0],[0,0],[0,0]],"v":[[1.5,1.5],[69.848,1.5],[125.786,1.5]],"c":false}]},{"i":{"x":0.667,"y":1},"o":{"x":0.333,"y":0},"t":6,"s":[{"i":[[0,0],[-22.092,-0.39],[0,0]],"o":[[0,0],[49.25,0.869],[0,0]],"v":[[1.5,1.5],[66.286,1],[125.786,6.5]],"c":false}]},{"i":{"x":0.667,"y":1},"o":{"x":0.333,"y":0},"t":8,"s":[{"i":[[0,0],[-21.863,3.195],[0,0]],"o":[[0,0],[50.5,-7.381],[0,0]],"v":[[1.5,1.5],[65.536,3.25],[123.036,24.25]],"c":false}]},{"i":{"x":0.667,"y":1},"o":{"x":0.333,"y":0},"t":13,"s":[{"i":[[0,0],[-21.863,3.195],[0,0]],"o":[[0,0],[50.5,-7.381],[0,0]],"v":[[1.5,1.5],[65.536,3.25],[66.536,60.25]],"c":false}]},{"t":15.0000006109625,"s":[{"i":[[0,0],[-20.892,-7.192],[0,0]],"o":[[0,0],[64.25,22.119],[0,0]],"v":[[1.5,1.5],[65.536,3.25],[60.286,60.25]],"c":false}]}],"ix":2},"nm":"Path 1","mn":"ADBE Vector Shape - Group","hd":false},{"ty":"st","c":{"a":0,"k":[0.737254901961,0.702560544481,0.702560544481,1],"ix":3},"o":{"a":0,"k":100,"ix":4},"w":{"a":0,"k":3,"ix":5},"lc":2,"lj":1,"ml":10,"bm":0,"nm":"Stroke 1","mn":"ADBE Vector Graphic - Stroke","hd":false},{"ty":"tr","p":{"a":0,"k":[0,0],"ix":2},"a":{"a":0,"k":[0,0],"ix":1},"s":{"a":0,"k":[100,100],"ix":3},"r":{"a":0,"k":0,"ix":6},"o":{"a":0,"k":100,"ix":7},"sk":{"a":0,"k":0,"ix":4},"sa":{"a":0,"k":0,"ix":5},"nm":"Transform"}],"nm":"Group 1","np":2,"cix":2,"bm":0,"ix":1,"mn":"ADBE Vector Group","hd":false},{"ty":"tm","s":{"a":1,"k":[{"i":{"x":[0.667],"y":[1]},"o":{"x":[0.333],"y":[0]},"t":0,"s":[0]},{"i":{"x":[0.667],"y":[1]},"o":{"x":[0.333],"y":[0]},"t":8,"s":[55]},{"i":{"x":[0.667],"y":[1]},"o":{"x":[0.333],"y":[0]},"t":13,"s":[79]},{"i":{"x":[0.667],"y":[1]},"o":{"x":[0.333],"y":[0]},"t":15,"s":[89]},{"t":19.0000007738859,"s":[100]}],"ix":1},"e":{"a":0,"k":100,"ix":2},"o":{"a":0,"k":0,"ix":3},"m":1,"ix":2,"nm":"Trim Paths 1","mn":"ADBE Vector Filter - Trim","hd":false}],"ip":0,"op":300.00001221925,"st":0,"bm":0}]}],"layers":[{"ddd":0,"ind":1,"ty":0,"nm":"Pre-comp 1","refId":"comp_0","sr":1,"ks":{"o":{"a":0,"k":100,"ix":11},"r":{"a":0,"k":0,"ix":10},"p":{"a":0,"k":[582,702,0],"ix":2,"l":2},"a":{"a":0,"k":[540,540,0],"ix":1,"l":2},"s":{"a":0,"k":[246,246,100],"ix":6,"l":2}},"ao":0,"w":1080,"h":1080,"ip":0,"op":300.00001221925,"st":0,"bm":0}],"markers":[]}